id,title,description,target_amount,current_amount,has_image,description_length,start_date,end_date,days_to_target
169f3587-e954-4328-8630-003de9853d38,Clean Water Project,Join us to support those in need.,29729.78,0.0,True,33,2025-04-16,2025-06-04,49
5fbafb93-5557-46ff-a286-b33accc3d52c,Clean Water Project,Support our mission to provide essential services.,18742.7,0.0,False,50,2025-04-16,2025-04-22,6
6aa42bb9-41a6-41af-aaf5-014fd4b6d0ed,Medical Aid,Your help can make a big difference.,72215.29,0.0,True,36,2025-04-16,2025-06-18,63
d1c54b9d-7690-40e3-ace4-ec8d6091e0da,Help the Kids,Your help can make a big difference.,76041.2,0.0,True,36,2025-04-16,2025-07-10,85
8be2e7cd-36a9-47a6-b2bc-c3e5e9eb6afc,Help the Kids,Support our mission to provide essential services.,75044.87,0.0,True,50,2025-04-16,2025-06-25,70
530f76e3-189d-4be6-bf0b-fde3100008da,Build a School,Join us to support those in need.,36365.0,0.0,True,33,2025-04-16,2025-05-21,35
58c6fefe-83d6-4987-96b2-2acaefb8c797,Clean Water Project,Together we can build a better future.,57459.32,0.0,False,38,2025-04-16,2025-04-29,13
f251d0e9-84b6-4502-82fa-321746cd9c6c,Clean Water Project,Every donation brings us closer to our goal.,89604.6,0.0,True,44,2025-04-16,2025-05-28,42
7ed433d1-3eff-4ef2-971b-6abb3b2cabfb,Clean Water Project,Support our mission to provide essential services.,64644.47,0.0,False,50,2025-04-16,2025-06-15,60
ac3b6755-21e7-4ebb-82f6-5a0b420186c0,Save the Earth,Your help can make a big difference.,18183.72,0.0,False,36,2025-04-16,2025-06-14,59
157bd312-d00c-404e-8418-8a75f660e698,Save the Earth,Raising funds for a great cause that will change lives.,98185.51,0.0,True,55,2025-04-16,2025-04-25,9
b5d807d8-18a7-4242-bdab-b41987a92191,Build a School,Join us to support those in need.,92574.69,0.0,True,33,2025-04-16,2025-06-26,71
daf9d9fd-6ecc-4830-89b6-a166a9b65461,Medical Aid,Together we can build a better future.,34329.56,0.0,True,38,2025-04-16,2025-05-05,19
8aa68ecb-7c5a-4d0d-bb7c-e9a0d28f531a,Save the Earth,Your help can make a big difference.,53208.27,0.0,False,36,2025-04-16,2025-07-10,85
e55c4660-8f21-42e7-9551-573677c9b94c,Save the Earth,Together we can build a better future.,50463.76,0.0,True,38,2025-04-16,2025-04-23,7
de57cdd4-7ec6-4dfe-8f43-680d68e097ad,Help the Kids,Together we can build a better future.,58383.37,0.0,True,38,2025-04-16,2025-06-25,70
8775381c-9da0-4850-b5da-0c880b2ce589,Animal Rescue,Join us to support those in need.,18085.86,0.0,True,33,2025-04-16,2025-06-20,65
6fed863a-398a-4aef-8b65-4624a944df3f,Clean Water Project,Every donation brings us closer to our goal.,34907.55,0.0,True,44,2025-04-16,2025-07-06,81
dcd679c3-5645-41b5-b5e8-4926289ee33b,Save the Earth,Support our mission to provide essential services.,93494.97,0.0,False,50,2025-04-16,2025-05-24,38
a6455e17-b79c-4db7-8013-c85ff5237cb5,Build a School,Support our mission to provide essential services.,40754.75,0.0,True,50,2025-04-16,2025-07-02,77
460ebae0-18a4-46be-968c-cce1b38d009f,Animal Rescue,Your help can make a big difference.,41174.72,0.0,False,36,2025-04-16,2025-07-07,82
534adf3f-623a-4e69-aeae-a0f6782a51ed,Medical Aid,Every donation brings us closer to our goal.,43893.67,0.0,True,44,2025-04-16,2025-05-23,37
292f3028-de07-49f7-98a1-4139a4a9a29e,Help the Kids,Your help can make a big difference.,9902.99,0.0,False,36,2025-04-16,2025-05-22,36
dd1718c0-3766-4579-b0f7-c9aa49b59b98,Help the Kids,Raising funds for a great cause that will change lives.,74334.68,0.0,True,55,2025-04-16,2025-07-07,82
8d89ad97-2d9f-498f-b9e5-4a8f88b217b7,Build a School,Every donation brings us closer to our goal.,82502.75,0.0,False,44,2025-04-16,2025-05-27,41
d38cb25b-3a5b-4582-adea-e414a45bca59,Animal Rescue,Together we can build a better future.,38147.11,0.0,True,38,2025-04-16,2025-05-01,15
d510aec5-ef7e-4079-809f-87755289fe4f,Save the Earth,Your help can make a big difference.,26691.36,0.0,True,36,2025-04-16,2025-06-01,46
d008673e-6559-4663-bbc2-de359f0d9a7e,Clean Water Project,Join us to support those in need.,48583.57,0.0,True,33,2025-04-16,2025-06-14,59
a680f248-84fd-4512-861f-aa8569a70272,Animal Rescue,Raising funds for a great cause that will change lives.,22134.16,0.0,False,55,2025-04-16,2025-04-29,13
047376ce-72ed-4bae-a46b-ab1d5f319582,Medical Aid,Together we can build a better future.,64343.84,0.0,True,38,2025-04-16,2025-07-12,87
1c7318d6-34d5-400c-8547-652776ff3253,Save the Earth,Support our mission to provide essential services.,64212.51,0.0,True,50,2025-04-16,2025-07-03,78
b7c0a11d-7a82-4940-801f-17825a44d3d4,Clean Water Project,Raising funds for a great cause that will change lives.,64074.81,0.0,True,55,2025-04-16,2025-05-03,17
7a6b1dc3-b8c1-4d34-8835-91a18e444d26,Help the Kids,Support our mission to provide essential services.,89980.29,0.0,True,50,2025-04-16,2025-07-03,78
8d1563aa-5027-46a7-85d3-005c6b142023,Save the Earth,Raising funds for a great cause that will change lives.,18269.41,0.0,True,55,2025-04-16,2025-06-20,65
eade61d0-17eb-418e-9dce-d091bcd62c4f,Medical Aid,Together we can build a better future.,12999.24,0.0,True,38,2025-04-16,2025-05-08,22
e718c136-e233-480c-89ec-25357a04a013,Save the Earth,Raising funds for a great cause that will change lives.,35035.5,0.0,True,55,2025-04-16,2025-04-25,9
37879abd-4517-4bea-8fc5-586163338b44,Medical Aid,Together we can build a better future.,55434.13,0.0,False,38,2025-04-16,2025-06-10,55
99a3df59-e230-4624-a5e3-a1eff80b28c7,Clean Water Project,Support our mission to provide essential services.,52306.37,0.0,False,50,2025-04-16,2025-05-25,39
4ee676fb-db42-4bf7-b714-2ecdf33d7012,Save the Earth,Support our mission to provide essential services.,11846.27,0.0,True,50,2025-04-16,2025-06-23,68
bec2813a-4fa1-46e1-aef1-b6ec6a386fb0,Medical Aid,Support our mission to provide essential services.,55161.6,0.0,True,50,2025-04-16,2025-05-31,45
952d462d-fbcb-4911-9464-dfafbdf2c92b,Medical Aid,Support our mission to provide essential services.,78738.81,0.0,True,50,2025-04-16,2025-06-28,73
8674d721-476d-4338-9fee-ccf0f5343891,Build a School,Your help can make a big difference.,22963.72,0.0,False,36,2025-04-16,2025-07-02,77
77a6e09d-ed43-45be-8e0c-47f627adf6cd,Help the Kids,Join us to support those in need.,35145.98,0.0,False,33,2025-04-16,2025-07-03,78
9bee51cf-94fb-4d99-a35a-66a1ff1b45d9,Save the Earth,Together we can build a better future.,49911.06,0.0,False,38,2025-04-16,2025-06-11,56
176805a2-80e0-458e-bf76-80f86394f0a4,Save the Earth,Every donation brings us closer to our goal.,75651.24,0.0,True,44,2025-04-16,2025-07-02,77
e49c32b1-86dc-44c0-a7f2-e079c869ee67,Medical Aid,Support our mission to provide essential services.,54089.22,0.0,True,50,2025-04-16,2025-07-12,87
b6d12f8a-edf5-407e-84f9-4dd2cc05b11c,Clean Water Project,Your help can make a big difference.,70550.21,0.0,True,36,2025-04-16,2025-05-11,25
0fc30919-424c-4a7a-864a-532253885765,Help the Kids,Join us to support those in need.,63211.3,0.0,True,33,2025-04-16,2025-07-02,77
9c875562-a959-4ad6-bd85-bbd7e977d49d,Animal Rescue,Together we can build a better future.,50542.17,0.0,False,38,2025-04-16,2025-07-07,82
d7cf823b-164b-4c2f-a0d5-7214bc4eac5e,Animal Rescue,Your help can make a big difference.,89301.45,0.0,True,36,2025-04-16,2025-07-14,89
a41812c6-2bfd-4389-94dc-0554cca44584,Help the Kids,Raising funds for a great cause that will change lives.,91180.93,0.0,False,55,2025-04-16,2025-07-04,79
29b8274c-2abc-4b93-8e1f-dc3b1fc2c9d3,Medical Aid,Your help can make a big difference.,93661.91,0.0,False,36,2025-04-16,2025-04-30,14
5f791293-e424-427f-a0ce-a26104290970,Animal Rescue,Join us to support those in need.,57709.81,0.0,True,33,2025-04-16,2025-06-04,49
166c39e6-8a30-4020-a6be-f33ab09078b1,Help the Kids,Together we can build a better future.,62576.0,0.0,True,38,2025-04-16,2025-07-11,86
62fe1c9d-0e45-49be-bcba-858a3ad9431b,Animal Rescue,Join us to support those in need.,92433.16,0.0,False,33,2025-04-16,2025-06-04,49
3247cac2-1c43-4883-ab18-6f6c65c2e9cc,Clean Water Project,Together we can build a better future.,27121.77,0.0,False,38,2025-04-16,2025-04-27,11
9b3d920d-43d3-4ebd-b7d4-c4216af38bcd,Help the Kids,Raising funds for a great cause that will change lives.,18059.77,0.0,False,55,2025-04-16,2025-04-21,5
9981f290-0399-4441-bc64-46ed720462a1,Clean Water Project,Every donation brings us closer to our goal.,34049.28,0.0,True,44,2025-04-16,2025-05-29,43
aeabc17c-b822-4574-9368-fe2afb59d43f,Save the Earth,Raising funds for a great cause that will change lives.,15945.06,0.0,False,55,2025-04-16,2025-07-04,79
a350e98e-5f11-49c6-870c-8339a248ae4f,Medical Aid,Support our mission to provide essential services.,81460.31,0.0,False,50,2025-04-16,2025-04-23,7
91691b1c-46ea-40be-87d7-bd0272560dd4,Clean Water Project,Your help can make a big difference.,94669.54,0.0,False,36,2025-04-16,2025-05-22,36
cc0c8aa4-54d0-45e4-8776-068baa833921,Build a School,Join us to support those in need.,28216.5,0.0,False,33,2025-04-16,2025-05-20,34
5109e65c-4571-4915-8451-2aa45e7ab2c0,Medical Aid,Together we can build a better future.,71234.09,0.0,False,38,2025-04-16,2025-05-06,20
8d47003c-712b-4ba1-b08f-615597e9f02f,Build a School,Every donation brings us closer to our goal.,27971.23,0.0,True,44,2025-04-16,2025-06-12,57
49cc43a9-6fa2-4056-b5b7-002b56fd164b,Clean Water Project,Your help can make a big difference.,87250.18,0.0,False,36,2025-04-16,2025-06-30,75
7d088c88-e6b0-491e-b09c-dfd8f406061c,Help the Kids,Every donation brings us closer to our goal.,75199.6,0.0,False,44,2025-04-16,2025-06-09,54
31727b9a-9b5e-4a27-bcfa-75dc6565398b,Save the Earth,Support our mission to provide essential services.,26143.31,0.0,False,50,2025-04-16,2025-06-14,59
66f7d27b-1f09-4714-b311-e5e51f0a395a,Animal Rescue,Your help can make a big difference.,12440.41,0.0,False,36,2025-04-16,2025-06-24,69
b91583d4-afed-4d41-8822-ea6a6646c1a7,Build a School,Your help can make a big difference.,42602.02,0.0,True,36,2025-04-16,2025-05-01,15
460f611c-9e57-4e1a-a7b8-e90dfc51f271,Medical Aid,Raising funds for a great cause that will change lives.,18426.7,0.0,True,55,2025-04-16,2025-05-03,17
d24788d8-815d-44d2-b36b-d76f233a2e1d,Medical Aid,Your help can make a big difference.,71569.26,0.0,False,36,2025-04-16,2025-06-26,71
cb308941-d159-4b6e-80e8-87ca32053409,Medical Aid,Together we can build a better future.,59558.32,0.0,True,38,2025-04-16,2025-06-14,59
ecc0cad4-4f63-498f-b44f-ee4dd7409fa8,Help the Kids,Your help can make a big difference.,18578.57,0.0,True,36,2025-04-16,2025-05-20,34
40a9f4ce-9b50-4f3c-9712-f3ba95846be4,Build a School,Support our mission to provide essential services.,81027.78,0.0,True,50,2025-04-16,2025-05-15,29
3188129d-dd0f-46c9-8f50-5b4c2416af93,Clean Water Project,Every donation brings us closer to our goal.,42261.23,0.0,True,44,2025-04-16,2025-06-29,74
ab3c07ee-3c58-455c-9ffd-965058f838be,Animal Rescue,Every donation brings us closer to our goal.,86522.12,0.0,True,44,2025-04-16,2025-06-14,59
0d6d3028-329b-4be0-8e12-1c3a7e384d22,Help the Kids,Support our mission to provide essential services.,95518.79,0.0,False,50,2025-04-16,2025-07-09,84
44b7193d-9578-427c-9e52-ee5c23f8c3bc,Medical Aid,Support our mission to provide essential services.,66874.43,0.0,True,50,2025-04-16,2025-04-28,12
e229979e-e049-4507-bd52-dba55815277d,Help the Kids,Join us to support those in need.,90019.29,0.0,False,33,2025-04-16,2025-06-25,70
490b2e63-a3bc-4673-a0ba-197695584ef3,Clean Water Project,Together we can build a better future.,73370.17,0.0,False,38,2025-04-16,2025-06-15,60
56452c0a-730d-462b-9e76-8014fcf3fb02,Clean Water Project,Support our mission to provide essential services.,46773.18,0.0,True,50,2025-04-16,2025-07-03,78
1d918641-8dec-40d7-94b8-74ab4fe072ba,Build a School,Every donation brings us closer to our goal.,18752.2,0.0,True,44,2025-04-16,2025-07-11,86
51051dfa-8620-4aa1-aca6-4813a668a942,Help the Kids,Every donation brings us closer to our goal.,74405.27,0.0,False,44,2025-04-16,2025-05-07,21
959ead63-a934-40d8-9e8f-99a8df109bd0,Help the Kids,Your help can make a big difference.,24762.28,0.0,False,36,2025-04-16,2025-05-06,20
3b511f86-211d-414c-abd5-48c12191160d,Clean Water Project,Together we can build a better future.,3206.67,0.0,True,38,2025-04-16,2025-05-31,45
2f7a5143-5d31-469e-a7d8-5b700a6c4da5,Save the Earth,Every donation brings us closer to our goal.,46487.69,0.0,True,44,2025-04-16,2025-06-10,55
00f5b907-d6f4-4286-9a04-bc1519738199,Medical Aid,Every donation brings us closer to our goal.,70114.87,0.0,False,44,2025-04-16,2025-05-25,39
dd2876cb-08b6-449b-bd21-d2703b47e86d,Animal Rescue,Together we can build a better future.,57017.28,0.0,False,38,2025-04-16,2025-05-13,27
f0e8a657-c9e9-4e24-9216-e8d5c6f0ed9f,Medical Aid,Every donation brings us closer to our goal.,29536.81,0.0,True,44,2025-04-16,2025-06-13,58
47d94f3f-1f5a-440f-ae65-57bf1580eda3,Animal Rescue,Every donation brings us closer to our goal.,99398.85,0.0,True,44,2025-04-16,2025-04-22,6
b2fbe130-7825-4895-8a72-0c315b3fd748,Medical Aid,Raising funds for a great cause that will change lives.,19765.52,0.0,False,55,2025-04-16,2025-07-08,83
212c95bb-347d-4f74-81a5-062832c2de69,Clean Water Project,Your help can make a big difference.,77183.99,0.0,False,36,2025-04-16,2025-06-08,53
de5c879f-a60c-4f0b-991d-607b83cbeee8,Build a School,Your help can make a big difference.,9289.75,0.0,False,36,2025-04-16,2025-05-11,25
51e6440a-440d-4a1c-9326-b201bf38ab9f,Build a School,Your help can make a big difference.,17160.18,0.0,False,36,2025-04-16,2025-05-12,26
b8f03d1d-0f7e-4ab8-881c-114fe920417d,Save the Earth,Together we can build a better future.,17909.75,0.0,True,38,2025-04-16,2025-04-26,10
3f2db0a1-01ce-4d57-afa8-24185c7a0563,Medical Aid,Your help can make a big difference.,73837.38,0.0,False,36,2025-04-16,2025-05-30,44
e5de5261-d815-4e90-baae-00802d21124e,Animal Rescue,Together we can build a better future.,53727.16,0.0,True,38,2025-04-16,2025-05-25,39
7073c6b0-0952-4bb5-9447-4af4ed228bf5,Animal Rescue,Support our mission to provide essential services.,28491.93,0.0,True,50,2025-04-16,2025-06-11,56
e4bbdde3-0b26-48ac-9773-95697638b222,Save the Earth,Raising funds for a great cause that will change lives.,31464.99,0.0,True,55,2025-04-16,2025-07-03,78
ce24e7a5-a38d-44d2-bab2-090600cfc24e,Help the Kids,Every donation brings us closer to our goal.,79335.13,0.0,True,44,2025-04-16,2025-06-02,47
93c9bc84-edbf-4eb6-9dd0-70002acf6cd0,Save the Earth,Raising funds for a great cause that will change lives.,97752.51,0.0,False,55,2025-04-16,2025-07-02,77
982dd28d-8ca3-46d2-8129-148e63130f72,Clean Water Project,Support our mission to provide essential services.,6402.72,0.0,False,50,2025-04-16,2025-06-01,46
286be581-cdf9-4c74-9418-9d834678d8cc,Save the Earth,Together we can build a better future.,73569.77,0.0,False,38,2025-04-16,2025-06-07,52
1ea273ff-a8b2-4de6-a4ad-faca8290db2a,Animal Rescue,Support our mission to provide essential services.,19499.19,0.0,False,50,2025-04-16,2025-05-04,18
46cb993a-31a2-4163-ab6e-cf4d97600d13,Build a School,Raising funds for a great cause that will change lives.,47888.69,0.0,False,55,2025-04-16,2025-04-25,9
d78bdda7-1a29-4aee-9a09-24a569bc21d3,Medical Aid,Your help can make a big difference.,36033.0,0.0,True,36,2025-04-16,2025-06-03,48
efc8271c-5823-4b06-9b5d-b436f71eb6c6,Save the Earth,Support our mission to provide essential services.,97935.8,0.0,True,50,2025-04-16,2025-05-29,43
a977d565-33b3-4175-a5cb-bf181831eda4,Save the Earth,Together we can build a better future.,82052.99,0.0,True,38,2025-04-16,2025-06-19,64
734d362e-6e6d-4d3a-9453-fc8c168b018b,Clean Water Project,Raising funds for a great cause that will change lives.,25631.74,0.0,False,55,2025-04-16,2025-06-30,75
5705b637-78db-418d-9775-f0bb93a75274,Save the Earth,Every donation brings us closer to our goal.,91218.93,0.0,False,44,2025-04-16,2025-06-29,74
f9f6926c-7493-4b01-9783-a669a4080528,Save the Earth,Join us to support those in need.,58808.7,0.0,False,33,2025-04-16,2025-05-23,37
b63301fa-5bd8-4361-997c-010e91aba73c,Save the Earth,Together we can build a better future.,73165.37,0.0,True,38,2025-04-16,2025-05-30,44
42732e3b-a226-4cc8-a746-170335637fdc,Animal Rescue,Your help can make a big difference.,18089.8,0.0,True,36,2025-04-16,2025-07-12,87
f941e2ca-599f-433d-a360-a493f8f2968b,Save the Earth,Raising funds for a great cause that will change lives.,50551.32,0.0,True,55,2025-04-16,2025-07-01,76
20e07c05-7396-4641-b9c0-6c9130496dac,Build a School,Join us to support those in need.,69406.29,0.0,True,33,2025-04-16,2025-06-30,75
1838cb3b-3605-4611-abbc-8b2708143790,Animal Rescue,Join us to support those in need.,1453.45,0.0,False,33,2025-04-16,2025-06-27,72
d1091a13-ff45-4f28-b736-776ae8131d97,Save the Earth,Raising funds for a great cause that will change lives.,55219.8,0.0,True,55,2025-04-16,2025-06-01,46
ddfa9a81-005e-465a-8822-0de3546a0654,Save the Earth,Your help can make a big difference.,37019.66,0.0,True,36,2025-04-16,2025-06-10,55
eeb21dcf-207d-48ba-a47c-3cc4971211bd,Animal Rescue,Together we can build a better future.,45877.09,0.0,False,38,2025-04-16,2025-07-15,90
8cb522f8-d544-4a56-9a91-3ada9b7b422b,Animal Rescue,Every donation brings us closer to our goal.,58708.13,0.0,False,44,2025-04-16,2025-05-01,15
18a33a99-5305-423d-924d-3f1567cf8473,Medical Aid,Your help can make a big difference.,6024.6,0.0,False,36,2025-04-16,2025-05-20,34
0649b15a-c436-48d0-a923-8bb502063ee0,Animal Rescue,Join us to support those in need.,84345.46,0.0,False,33,2025-04-16,2025-06-29,74
c47e17bf-7481-44f1-8fe4-20135124c784,Clean Water Project,Raising funds for a great cause that will change lives.,74839.65,0.0,False,55,2025-04-16,2025-06-20,65
9c677d99-30c1-4fed-bb61-bffdfaf60524,Help the Kids,Join us to support those in need.,61914.35,0.0,True,33,2025-04-16,2025-06-12,57
ecf52afe-8252-4d23-97d0-d645d92c9feb,Medical Aid,Together we can build a better future.,17725.51,0.0,True,38,2025-04-16,2025-07-01,76
58e61ae8-7129-4ff9-9908-0ab89117ef0d,Save the Earth,Every donation brings us closer to our goal.,19381.63,0.0,True,44,2025-04-16,2025-05-27,41
67530800-fffa-4a92-8719-f02685fbd5ff,Build a School,Your help can make a big difference.,70411.57,0.0,True,36,2025-04-16,2025-04-23,7
feaa5657-8594-47a5-bebf-2c83612fcf9b,Medical Aid,Every donation brings us closer to our goal.,1181.87,0.0,True,44,2025-04-16,2025-07-05,80
9af1f19a-8e4a-42ea-8c1c-ac888b290691,Clean Water Project,Together we can build a better future.,16414.44,0.0,True,38,2025-04-16,2025-04-28,12
e067e18d-ce49-4abc-ae2b-3f8ced998226,Medical Aid,Together we can build a better future.,83659.89,0.0,True,38,2025-04-16,2025-07-09,84
f6d3b270-146b-4421-8bff-4b8276473c1d,Build a School,Every donation brings us closer to our goal.,56846.78,0.0,False,44,2025-04-16,2025-05-28,42
014f42d7-43ea-494e-b7e2-9f7da55d87e4,Help the Kids,Together we can build a better future.,51039.87,0.0,False,38,2025-04-16,2025-06-02,47
7568330b-ecc2-482b-a20e-acb3ca9ccbe8,Help the Kids,Support our mission to provide essential services.,69362.65,0.0,False,50,2025-04-16,2025-05-02,16
d7fe9de8-c97a-4c6a-9df2-2f0b04beb207,Medical Aid,Support our mission to provide essential services.,77748.09,0.0,True,50,2025-04-16,2025-05-17,31
f4722f1b-c2e5-4bff-b91b-a01674b83d26,Animal Rescue,Support our mission to provide essential services.,33172.4,0.0,True,50,2025-04-16,2025-05-26,40
7350ed7a-5ba4-421d-b89f-3179fe5c397a,Animal Rescue,Every donation brings us closer to our goal.,93377.99,0.0,False,44,2025-04-16,2025-05-24,38
aac401b0-d4dc-4db4-b690-500bf3de1043,Animal Rescue,Your help can make a big difference.,47606.67,0.0,True,36,2025-04-16,2025-06-06,51
cb0b882d-c62a-4b5a-a6be-31ff031214e2,Build a School,Every donation brings us closer to our goal.,92181.53,0.0,True,44,2025-04-16,2025-06-27,72
e06eb7bd-6bf4-41cd-9b47-a75d395ed6e1,Build a School,Together we can build a better future.,67413.25,0.0,True,38,2025-04-16,2025-06-25,70
366923c4-5a65-4ed6-8f07-ed3dc055675f,Help the Kids,Your help can make a big difference.,74131.81,0.0,True,36,2025-04-16,2025-05-07,21
cd01b2e6-e69d-4c2e-8d0b-2cc59c595dc0,Help the Kids,Your help can make a big difference.,57223.17,0.0,True,36,2025-04-16,2025-06-11,56
aa96f975-83ef-43f0-aed5-0a2177b70135,Help the Kids,Every donation brings us closer to our goal.,77646.34,0.0,False,44,2025-04-16,2025-05-15,29
eb70ab3d-4057-466f-bcc7-8e0fd1b21938,Medical Aid,Raising funds for a great cause that will change lives.,24574.89,0.0,False,55,2025-04-16,2025-04-26,10
6dc564b1-6407-4fe2-8064-4a65c3069d31,Animal Rescue,Every donation brings us closer to our goal.,10311.27,0.0,False,44,2025-04-16,2025-07-14,89
9cdc05a6-1441-4975-9f6f-1beeeacb2cbc,Help the Kids,Together we can build a better future.,66378.5,0.0,True,38,2025-04-16,2025-06-14,59
79d5ed34-9477-490f-b01b-05db5357491d,Help the Kids,Raising funds for a great cause that will change lives.,11870.83,0.0,False,55,2025-04-16,2025-06-11,56
5048d8f9-ce08-4524-8e2c-e10d79a0e4a0,Help the Kids,Raising funds for a great cause that will change lives.,12050.88,0.0,True,55,2025-04-16,2025-05-12,26
dcae37ee-bc20-46f6-8bc4-67c5f891477f,Clean Water Project,Together we can build a better future.,57609.18,0.0,False,38,2025-04-16,2025-07-02,77
064b6f64-e9da-43be-a778-e3d378f9a577,Save the Earth,Every donation brings us closer to our goal.,48338.55,0.0,False,44,2025-04-16,2025-04-22,6
8fb03f47-1d40-4b9f-9586-5b8933701455,Medical Aid,Support our mission to provide essential services.,11890.08,0.0,False,50,2025-04-16,2025-07-07,82
5047748f-9aa8-4fda-8c4c-791fefa169cd,Medical Aid,Support our mission to provide essential services.,35356.29,0.0,False,50,2025-04-16,2025-05-19,33
60f61792-a2dc-4ea8-b7d4-d1d02afba0d3,Save the Earth,Join us to support those in need.,60364.85,0.0,True,33,2025-04-16,2025-07-08,83
d049ef47-67b4-4794-9fc9-94214fc1f26d,Medical Aid,Join us to support those in need.,56856.29,0.0,False,33,2025-04-16,2025-06-23,68
4b177a4a-80df-4f6b-b658-3d4381b85075,Build a School,Join us to support those in need.,69976.31,0.0,False,33,2025-04-16,2025-05-17,31
58f6b2ca-e0bf-4c4b-8a52-2b1d128f64fe,Medical Aid,Together we can build a better future.,43824.57,0.0,True,38,2025-04-16,2025-06-28,73
42c1794b-23e5-46be-ac57-7bb7b1ffe40f,Help the Kids,Every donation brings us closer to our goal.,35991.26,0.0,False,44,2025-04-16,2025-06-03,48
2b43b427-11ee-459b-b6d4-7c1ff747c7a1,Medical Aid,Join us to support those in need.,9749.4,0.0,True,33,2025-04-16,2025-07-04,79
e7869453-2200-489e-b8f9-54610eb6e7a3,Animal Rescue,Raising funds for a great cause that will change lives.,75854.15,0.0,False,55,2025-04-16,2025-05-27,41
03590e92-9d0f-49dd-98ca-ff961e4fe773,Clean Water Project,Your help can make a big difference.,5479.05,0.0,True,36,2025-04-16,2025-04-23,7
b2c37acb-64b5-41bd-a06b-924213125d87,Help the Kids,Support our mission to provide essential services.,3263.11,0.0,True,50,2025-04-16,2025-05-14,28
2d3ffc93-b805-4b19-8146-60f5b5accfbb,Build a School,Raising funds for a great cause that will change lives.,99990.99,0.0,True,55,2025-04-16,2025-07-14,89
5446d117-cfae-4661-8621-82018ab2cf2e,Animal Rescue,Join us to support those in need.,67943.11,0.0,True,33,2025-04-16,2025-04-23,7
c53c4404-c2cc-4704-b9e0-3b670fe52d07,Help the Kids,Support our mission to provide essential services.,21561.69,0.0,True,50,2025-04-16,2025-06-19,64
b4a81481-3770-4a89-91f0-8105af3463a8,Medical Aid,Your help can make a big difference.,64103.67,0.0,True,36,2025-04-16,2025-06-13,58
3e5e6c63-dded-4854-89b6-469d03edb40e,Clean Water Project,Every donation brings us closer to our goal.,2064.6,0.0,True,44,2025-04-16,2025-06-14,59
53a2bbe7-f649-4160-8268-fee9f42fa932,Medical Aid,Your help can make a big difference.,41089.28,0.0,True,36,2025-04-16,2025-06-20,65
b14e9a85-979c-4776-acb9-6b4bdaa0a69e,Clean Water Project,Support our mission to provide essential services.,50125.68,0.0,False,50,2025-04-16,2025-07-08,83
2ed96b7a-7c76-4958-9cc3-ef18e220e70f,Save the Earth,Your help can make a big difference.,63182.54,0.0,False,36,2025-04-16,2025-05-25,39
c2fcc795-ea73-4543-9c46-4a9046181f09,Animal Rescue,Raising funds for a great cause that will change lives.,35301.2,0.0,False,55,2025-04-16,2025-05-23,37
d8e1e292-21ab-4be5-9e44-3f8c46c3cc0b,Build a School,Your help can make a big difference.,64888.35,0.0,True,36,2025-04-16,2025-05-03,17
8b9cacb3-2a24-4cad-b7f2-62eb0254e9b4,Save the Earth,Raising funds for a great cause that will change lives.,49309.98,0.0,False,55,2025-04-16,2025-06-08,53
e0cbc4b8-19a6-4358-a490-64e7fb464512,Help the Kids,Join us to support those in need.,93931.79,0.0,False,33,2025-04-16,2025-05-07,21
2363130b-171e-4f53-8299-29a4fbb791be,Animal Rescue,Every donation brings us closer to our goal.,23818.45,0.0,True,44,2025-04-16,2025-07-15,90
fbd234df-50ad-4bff-a222-764773420c9e,Animal Rescue,Raising funds for a great cause that will change lives.,30860.66,0.0,False,55,2025-04-16,2025-05-21,35
db6abba9-8af5-403e-ba13-ca78b9ce63ba,Animal Rescue,Together we can build a better future.,89481.46,0.0,False,38,2025-04-16,2025-04-25,9
0742f879-da71-4d9f-8784-1fb76fdd85f0,Clean Water Project,Raising funds for a great cause that will change lives.,21048.43,0.0,True,55,2025-04-16,2025-06-13,58
7742ccb0-1722-4b3f-9e6c-96e3292fcc41,Animal Rescue,Join us to support those in need.,61438.03,0.0,True,33,2025-04-16,2025-06-10,55
4302075e-815f-4a2c-97b3-7fd5b3db3a41,Clean Water Project,Every donation brings us closer to our goal.,25798.91,0.0,True,44,2025-04-16,2025-05-24,38
076f00ff-9bed-47b4-b117-7c9b2d3e9503,Clean Water Project,Together we can build a better future.,6663.88,0.0,True,38,2025-04-16,2025-06-02,47
1824b853-f872-4969-8bf2-1f91bd5e2b4e,Build a School,Support our mission to provide essential services.,91524.13,0.0,False,50,2025-04-16,2025-07-14,89
1035dbb7-8cee-417d-b1c4-4ef34479978b,Clean Water Project,Join us to support those in need.,89780.37,0.0,True,33,2025-04-16,2025-05-12,26
71dbb63c-b365-482e-83be-ad494913939e,Medical Aid,Together we can build a better future.,4766.74,0.0,False,38,2025-04-16,2025-04-30,14
cc7c14b8-d05a-4977-8249-51e3b7c02d47,Clean Water Project,Every donation brings us closer to our goal.,2501.07,0.0,True,44,2025-04-16,2025-07-13,88
c4635c3f-24bb-49ec-9988-26a1268d505d,Save the Earth,Together we can build a better future.,63210.95,0.0,False,38,2025-04-16,2025-04-28,12
05a96c71-68de-4ad3-90f9-2967dbf02951,Build a School,Every donation brings us closer to our goal.,2549.5,0.0,True,44,2025-04-16,2025-05-01,15
28a4c237-d834-49c3-89cc-231589270e93,Animal Rescue,Your help can make a big difference.,91069.09,0.0,True,36,2025-04-16,2025-06-30,75
0e712788-3b30-47aa-9c12-4ee465271576,Animal Rescue,Join us to support those in need.,81766.76,0.0,False,33,2025-04-16,2025-06-08,53
80ab607d-a09c-4821-972c-548419be4d7b,Build a School,Your help can make a big difference.,30683.9,0.0,False,36,2025-04-16,2025-07-14,89
23b64ab8-8ac9-483f-8c42-986be20bc1ae,Medical Aid,Join us to support those in need.,22385.19,0.0,False,33,2025-04-16,2025-06-21,66
11a4bcba-4519-421e-8376-1726afd619bf,Medical Aid,Every donation brings us closer to our goal.,91270.2,0.0,False,44,2025-04-16,2025-06-13,58
081d5f63-ab4f-4f18-8cb3-33bd269e696f,Clean Water Project,Together we can build a better future.,6931.46,0.0,False,38,2025-04-16,2025-05-17,31
1003e6f6-7d3c-43ef-8a29-6793afae5ae6,Clean Water Project,Join us to support those in need.,26751.8,0.0,False,33,2025-04-16,2025-05-22,36
9aead5dd-605d-448a-9176-a30ce50f1e7d,Help the Kids,Support our mission to provide essential services.,60781.7,0.0,True,50,2025-04-16,2025-06-16,61
fc60db0d-3ce6-4491-8c12-feaab7d86bf2,Save the Earth,Together we can build a better future.,3057.88,0.0,True,38,2025-04-16,2025-06-23,68
2d5d327d-99bb-4864-aeaa-bb59384e36de,Medical Aid,Every donation brings us closer to our goal.,59790.54,0.0,True,44,2025-04-16,2025-04-30,14
3b110d45-0471-4393-b94f-75833d621b5b,Clean Water Project,Raising funds for a great cause that will change lives.,32599.89,0.0,False,55,2025-04-16,2025-05-30,44
f666fdfe-6ffb-4d14-a544-092510696a8b,Animal Rescue,Together we can build a better future.,97543.76,0.0,False,38,2025-04-16,2025-05-20,34
7669d367-3050-433e-9e18-f6c9d846f94a,Medical Aid,Raising funds for a great cause that will change lives.,70108.68,0.0,False,55,2025-04-16,2025-07-07,82
03911d8a-7775-44d2-94a6-960b5d0c380b,Help the Kids,Together we can build a better future.,68180.55,0.0,True,38,2025-04-16,2025-06-17,62
ec82c7ef-e6bc-48d3-92fd-95d35e190b0a,Medical Aid,Together we can build a better future.,64263.97,0.0,False,38,2025-04-16,2025-05-28,42
f7ae2a8e-483b-4023-8447-623e2f48026f,Save the Earth,Your help can make a big difference.,83862.51,0.0,False,36,2025-04-16,2025-07-13,88
428871e7-d9ed-489b-917e-94b9786191f2,Clean Water Project,Support our mission to provide essential services.,42432.9,0.0,True,50,2025-04-16,2025-06-12,57
dbccb505-32e9-43b5-a2e4-fb749d5a69f2,Medical Aid,Join us to support those in need.,75026.51,0.0,False,33,2025-04-16,2025-05-15,29
36fb17da-143b-4f77-b6b8-a71c886d3272,Animal Rescue,Join us to support those in need.,94194.85,0.0,True,33,2025-04-16,2025-06-01,46
1380d0b2-5e84-4b70-a2ff-6db103f574ef,Save the Earth,Every donation brings us closer to our goal.,68274.08,0.0,True,44,2025-04-16,2025-06-15,60
3b88f9cf-9e06-4c7b-9d07-eb7c82e351fc,Clean Water Project,Your help can make a big difference.,59556.09,0.0,False,36,2025-04-16,2025-06-20,65
8c62e1f1-b3ea-4ffa-901b-a611f48afc95,Animal Rescue,Every donation brings us closer to our goal.,66608.92,0.0,False,44,2025-04-16,2025-07-05,80
0197843c-3dd1-4319-b856-1caf6e5e59e6,Clean Water Project,Support our mission to provide essential services.,82134.74,0.0,False,50,2025-04-16,2025-05-29,43
858deddd-7fe0-47ba-a070-51dc78f0f429,Help the Kids,Support our mission to provide essential services.,44956.51,0.0,True,50,2025-04-16,2025-05-02,16
9fd3c1f8-cc31-42d6-9d23-7e53dcc04f9e,Save the Earth,Your help can make a big difference.,22626.87,0.0,False,36,2025-04-16,2025-06-08,53
7032d498-a000-4cdf-9b6e-896766c84740,Build a School,Every donation brings us closer to our goal.,28567.77,0.0,True,44,2025-04-16,2025-06-18,63
0cbed6db-4add-495d-b7e2-ea3aab48c553,Medical Aid,Join us to support those in need.,79891.51,0.0,True,33,2025-04-16,2025-05-12,26
c58e3b92-ed37-410e-90d0-76a5861222a0,Clean Water Project,Raising funds for a great cause that will change lives.,17759.96,0.0,False,55,2025-04-16,2025-05-25,39
c60dd5a4-874c-4c0a-b472-705fd71e669b,Build a School,Together we can build a better future.,24767.22,0.0,True,38,2025-04-16,2025-07-13,88
3abb3732-71df-4413-8132-0fbe3f9d68d8,Animal Rescue,Join us to support those in need.,29074.7,0.0,False,33,2025-04-16,2025-05-08,22
13260621-43b6-459e-b1fc-0f4968196b37,Save the Earth,Together we can build a better future.,2996.35,0.0,False,38,2025-04-16,2025-05-20,34
375e640d-07b7-4f31-8642-0b09f07d7c2b,Save the Earth,Every donation brings us closer to our goal.,81564.65,0.0,False,44,2025-04-16,2025-06-08,53
2d41b319-deca-443d-93cf-600517ba4222,Help the Kids,Every donation brings us closer to our goal.,16102.5,0.0,True,44,2025-04-16,2025-06-02,47
05c7b3be-b8b5-489e-b5e9-b2977c081873,Save the Earth,Your help can make a big difference.,11057.61,0.0,True,36,2025-04-16,2025-05-19,33
f3e7a500-7a4b-4183-bedd-811d34858e07,Help the Kids,Every donation brings us closer to our goal.,44755.37,0.0,True,44,2025-04-16,2025-06-27,72
c5f81f6f-97e3-4064-9a34-675158231a42,Animal Rescue,Every donation brings us closer to our goal.,68884.38,0.0,True,44,2025-04-16,2025-06-01,46
6f6229c1-6be8-4c2e-8b73-1de8e4315101,Medical Aid,Every donation brings us closer to our goal.,45562.59,0.0,True,44,2025-04-16,2025-05-10,24
2fd2d364-f326-4551-a65b-55a04b4c3ce7,Help the Kids,Join us to support those in need.,11540.85,0.0,False,33,2025-04-16,2025-05-26,40
8d56e9b3-96b4-43fb-be1a-41442ecef0cf,Medical Aid,Every donation brings us closer to our goal.,79867.74,0.0,True,44,2025-04-16,2025-06-19,64
c39de36f-a869-4e18-8ed3-9f86750ce54c,Animal Rescue,Your help can make a big difference.,70578.16,0.0,False,36,2025-04-16,2025-05-09,23
19071cab-32b6-459c-b1e0-a6b1e9d1a120,Help the Kids,Support our mission to provide essential services.,83879.68,0.0,True,50,2025-04-16,2025-06-07,52
d68aa644-dbed-423b-9f62-182caad6dd57,Help the Kids,Together we can build a better future.,98049.43,0.0,False,38,2025-04-16,2025-07-10,85
09a53d88-f19e-42f7-996f-e17fb27f99f4,Animal Rescue,Raising funds for a great cause that will change lives.,28310.18,0.0,True,55,2025-04-16,2025-07-15,90
0df76dee-0b84-4004-8162-3ee9c78ab4a1,Animal Rescue,Together we can build a better future.,9776.99,0.0,False,38,2025-04-16,2025-05-14,28
aa5b5a0e-92ce-4b30-959a-f78607ec0baf,Help the Kids,Together we can build a better future.,91253.73,0.0,True,38,2025-04-16,2025-05-28,42
27ad03dc-1e88-4e00-ae69-883ba1e1893c,Build a School,Your help can make a big difference.,40870.27,0.0,False,36,2025-04-16,2025-05-09,23
45a96a98-6f9c-4cca-8ab5-7d383b8de261,Clean Water Project,Your help can make a big difference.,98000.93,0.0,False,36,2025-04-16,2025-06-03,48
264122d7-4abc-4479-b0b5-c955b35b6890,Save the Earth,Support our mission to provide essential services.,35861.66,0.0,False,50,2025-04-16,2025-07-05,80
ae1d86f7-1c95-46a4-be61-b6ee6022fa13,Help the Kids,Raising funds for a great cause that will change lives.,48965.19,0.0,False,55,2025-04-16,2025-05-15,29
370bb26c-71cb-41ed-9435-dc460b04b331,Save the Earth,Support our mission to provide essential services.,49768.13,0.0,False,50,2025-04-16,2025-06-29,74
d25b0820-a8a2-4c75-9f2e-b18e1c05edd1,Medical Aid,Together we can build a better future.,82474.45,0.0,True,38,2025-04-16,2025-07-01,76
fde9c857-eebe-4e82-89aa-8a2e0f6d683c,Clean Water Project,Join us to support those in need.,3046.63,0.0,False,33,2025-04-16,2025-05-02,16
11d53d2d-93e3-4bd3-9b3e-d7020a809cb6,Help the Kids,Support our mission to provide essential services.,21961.55,0.0,True,50,2025-04-16,2025-05-23,37
befe3e4a-1ca2-4eca-98cb-7502281153f7,Animal Rescue,Support our mission to provide essential services.,79473.38,0.0,True,50,2025-04-16,2025-06-04,49
f27db263-317f-4301-a405-f61ee1e008a4,Clean Water Project,Every donation brings us closer to our goal.,10400.91,0.0,True,44,2025-04-16,2025-07-08,83
e2e8f3f1-fa84-4eca-a5d1-64cb4cb07ada,Clean Water Project,Every donation brings us closer to our goal.,13342.32,0.0,False,44,2025-04-16,2025-06-06,51
1d5810b0-bd2a-4775-83f1-07cdca39f955,Save the Earth,Support our mission to provide essential services.,28129.5,0.0,True,50,2025-04-16,2025-05-03,17
ab8308f6-ab67-46dc-8ad3-a1e803a9906b,Build a School,Raising funds for a great cause that will change lives.,22493.46,0.0,True,55,2025-04-16,2025-04-29,13
1bc570e5-8fda-4090-b156-c2e43e5c1415,Build a School,Your help can make a big difference.,19000.41,0.0,True,36,2025-04-16,2025-05-01,15
66aabac4-1c68-44de-bee1-44c771423161,Animal Rescue,Raising funds for a great cause that will change lives.,58213.29,0.0,False,55,2025-04-16,2025-07-12,87
2d69f617-8822-4d2a-9d11-b0ee7423dc61,Help the Kids,Your help can make a big difference.,62038.66,0.0,False,36,2025-04-16,2025-05-17,31
0cd644f7-2aea-4dcf-bb5e-512594f65469,Build a School,Raising funds for a great cause that will change lives.,3181.11,0.0,True,55,2025-04-16,2025-06-09,54
df1d16cc-e6d2-40c0-ba4c-8f14123f0982,Help the Kids,Your help can make a big difference.,60091.88,0.0,False,36,2025-04-16,2025-04-24,8
141c3fba-90c9-4c97-9d51-d35dc6dbe1ea,Build a School,Support our mission to provide essential services.,29397.02,0.0,True,50,2025-04-16,2025-06-10,55
eb345ef2-b616-4378-a434-fae1ca1bda6d,Clean Water Project,Support our mission to provide essential services.,82595.81,0.0,False,50,2025-04-16,2025-05-17,31
f7dfcf9b-9b8e-4c9b-bad3-6c7209e6d58c,Help the Kids,Your help can make a big difference.,87157.88,0.0,False,36,2025-04-16,2025-06-10,55
e8d05f87-27e2-4225-9aa6-58a55b748550,Animal Rescue,Join us to support those in need.,43054.13,0.0,False,33,2025-04-16,2025-05-11,25
8cbc78bd-dd9e-4139-88c3-7a43a19e0aaa,Clean Water Project,Support our mission to provide essential services.,2410.5,0.0,False,50,2025-04-16,2025-07-07,82
cfadff8e-4659-42dc-8680-2c33d410faa6,Build a School,Every donation brings us closer to our goal.,28154.43,0.0,False,44,2025-04-16,2025-06-22,67
72075ffb-3ac5-4405-9370-4859ee84812e,Medical Aid,Raising funds for a great cause that will change lives.,30773.3,0.0,False,55,2025-04-16,2025-07-03,78
70149459-5e70-4031-a392-fa3c14ce0a29,Save the Earth,Together we can build a better future.,84545.5,0.0,True,38,2025-04-16,2025-07-06,81
2cf5c714-9740-419c-9476-9ca688ea8650,Medical Aid,Every donation brings us closer to our goal.,72643.12,0.0,False,44,2025-04-16,2025-04-23,7
83993b59-bff0-4e17-9441-c7d22a9d87ca,Help the Kids,Raising funds for a great cause that will change lives.,1602.98,0.0,True,55,2025-04-16,2025-06-27,72
24a4cec5-cecb-463e-8e1c-0ec38a977a92,Help the Kids,Join us to support those in need.,75954.63,0.0,False,33,2025-04-16,2025-05-07,21
99aee35f-bef5-4017-91f3-e9c1c92e89dc,Animal Rescue,Together we can build a better future.,10112.11,0.0,False,38,2025-04-16,2025-07-08,83
24b0603c-2d03-4db8-8ced-0824d5b1495c,Animal Rescue,Every donation brings us closer to our goal.,12456.03,0.0,True,44,2025-04-16,2025-05-17,31
c710bf1b-de0f-44dc-bea0-cd99435151b0,Medical Aid,Support our mission to provide essential services.,60711.54,0.0,False,50,2025-04-16,2025-05-24,38
3155d57c-a229-4eb4-909c-fbac077d40f0,Help the Kids,Raising funds for a great cause that will change lives.,99725.38,0.0,True,55,2025-04-16,2025-05-09,23
7ed4a100-709c-415e-8e9a-901ce043a1bb,Build a School,Join us to support those in need.,40807.15,0.0,False,33,2025-04-16,2025-05-11,25
7a1a32aa-d628-49af-afbd-214d087babc7,Build a School,Every donation brings us closer to our goal.,64153.09,0.0,False,44,2025-04-16,2025-06-14,59
59b93094-5a17-44c4-998e-27dea228f16a,Help the Kids,Together we can build a better future.,7061.9,0.0,True,38,2025-04-16,2025-06-15,60
e13ba965-db10-4d76-b0b7-60fb25706382,Build a School,Your help can make a big difference.,24221.96,0.0,False,36,2025-04-16,2025-05-03,17
de69ba66-83b1-492d-a113-e029fad78a17,Clean Water Project,Raising funds for a great cause that will change lives.,64013.81,0.0,True,55,2025-04-16,2025-05-21,35
d27e51e4-2363-473d-b827-d0f167676315,Build a School,Together we can build a better future.,83002.04,0.0,False,38,2025-04-16,2025-05-27,41
bea4c68e-7a0c-4116-95fa-1d65c0629457,Medical Aid,Raising funds for a great cause that will change lives.,53210.29,0.0,True,55,2025-04-16,2025-05-17,31
6197b4c8-919c-4878-a436-1e0ea4ebaa5d,Save the Earth,Every donation brings us closer to our goal.,1773.19,0.0,False,44,2025-04-16,2025-05-30,44
233cef4b-7c97-4230-9a8c-b95592efeca2,Medical Aid,Every donation brings us closer to our goal.,8612.59,0.0,True,44,2025-04-16,2025-06-06,51
03680640-cef2-432e-ad94-e9dab5800015,Medical Aid,Every donation brings us closer to our goal.,18018.68,0.0,True,44,2025-04-16,2025-07-08,83
507d0bbc-56e5-4aef-87fd-5a672f8442ba,Clean Water Project,Every donation brings us closer to our goal.,53732.8,0.0,False,44,2025-04-16,2025-05-26,40
1511ce88-afba-444a-a1a0-37eb575dd370,Medical Aid,Every donation brings us closer to our goal.,85344.36,0.0,True,44,2025-04-16,2025-04-22,6
b23f408a-1f66-4825-ae63-b0140e3f8022,Medical Aid,Raising funds for a great cause that will change lives.,87867.83,0.0,True,55,2025-04-16,2025-06-29,74
99fec17e-440c-48ac-bea1-a94f7ea4689a,Help the Kids,Every donation brings us closer to our goal.,56936.11,0.0,True,44,2025-04-16,2025-07-11,86
32c62b44-30eb-4233-b91d-76d1ac3e5ed9,Animal Rescue,Together we can build a better future.,53070.78,0.0,True,38,2025-04-16,2025-05-05,19
de402f94-f734-4cc6-bd48-ae7b95d69781,Animal Rescue,Join us to support those in need.,15189.41,0.0,True,33,2025-04-16,2025-07-15,90
e33482d8-403d-41b2-bd4a-047f3b5d40ca,Animal Rescue,Raising funds for a great cause that will change lives.,53677.79,0.0,False,55,2025-04-16,2025-06-15,60
556b3aae-5fdf-4d9c-8be5-b62b6df17e63,Medical Aid,Support our mission to provide essential services.,60945.06,0.0,False,50,2025-04-16,2025-05-16,30
002ccf74-0be7-48e4-9050-1be6427533fb,Build a School,Raising funds for a great cause that will change lives.,55166.02,0.0,True,55,2025-04-16,2025-06-01,46
5046c55c-9f7f-418f-82f0-bba17f3efc25,Medical Aid,Raising funds for a great cause that will change lives.,76427.44,0.0,True,55,2025-04-16,2025-05-03,17
91bbd574-a8f2-4ece-986c-d4afea14134f,Help the Kids,Your help can make a big difference.,88266.23,0.0,True,36,2025-04-16,2025-05-18,32
4f8929b6-6078-4db7-bc67-a8c115ba272f,Medical Aid,Support our mission to provide essential services.,13106.83,0.0,False,50,2025-04-16,2025-07-05,80
1ea99984-1f97-48f0-a5fc-dfecd6ad976c,Build a School,Raising funds for a great cause that will change lives.,21795.26,0.0,True,55,2025-04-16,2025-06-04,49
0230d409-5f43-4acd-97a7-4a8b5116fc1f,Build a School,Join us to support those in need.,39132.18,0.0,False,33,2025-04-16,2025-06-29,74
4a9c756d-49df-4307-8df2-2700b7881c41,Build a School,Support our mission to provide essential services.,24373.34,0.0,False,50,2025-04-16,2025-06-15,60
49a22c90-cbe2-4d2f-9487-5b431d492592,Save the Earth,Raising funds for a great cause that will change lives.,58703.02,0.0,True,55,2025-04-16,2025-05-29,43
9ac74bef-6295-4ea9-bc74-61b13d4d9c96,Clean Water Project,Join us to support those in need.,91204.68,0.0,False,33,2025-04-16,2025-06-10,55
bf3b4a82-a49d-4fbd-a964-429abf9b04fb,Animal Rescue,Together we can build a better future.,31364.92,0.0,True,38,2025-04-16,2025-05-13,27
adaaeb03-f537-4714-8d5e-d5d224023ecd,Medical Aid,Join us to support those in need.,41609.96,0.0,False,33,2025-04-16,2025-06-04,49
fded8ead-50a5-42ac-883b-e427f6c3e195,Medical Aid,Every donation brings us closer to our goal.,12868.22,0.0,True,44,2025-04-16,2025-07-02,77
43880332-02d4-4983-8702-cbbdd3755398,Animal Rescue,Support our mission to provide essential services.,92746.01,0.0,True,50,2025-04-16,2025-07-02,77
53082ea9-71e5-4213-a987-3a1d611db367,Save the Earth,Your help can make a big difference.,49258.33,0.0,False,36,2025-04-16,2025-06-29,74
79e27a33-a78e-4880-86d1-2c5af45d8ce2,Animal Rescue,Support our mission to provide essential services.,34541.38,0.0,False,50,2025-04-16,2025-04-25,9
977bc4e5-9490-453b-84bb-7db7e4998eab,Clean Water Project,Together we can build a better future.,95685.01,0.0,False,38,2025-04-16,2025-04-26,10
97e62a97-8cb6-420a-94b3-5df293ffa867,Save the Earth,Your help can make a big difference.,48463.18,0.0,False,36,2025-04-16,2025-06-27,72
2f6aa175-e0e1-43ba-a0d9-de84c2e73050,Build a School,Every donation brings us closer to our goal.,21640.73,0.0,False,44,2025-04-16,2025-04-24,8
d6340f55-8f1c-4839-b7c2-7e70ee1b444f,Save the Earth,Raising funds for a great cause that will change lives.,66725.96,0.0,True,55,2025-04-16,2025-07-06,81
3e0ade73-209e-474a-bb21-3c7538b362bc,Clean Water Project,Your help can make a big difference.,91985.76,0.0,False,36,2025-04-16,2025-06-28,73
fd9caabe-81c4-457f-a44a-800736be1044,Help the Kids,Together we can build a better future.,36885.44,0.0,True,38,2025-04-16,2025-05-25,39
97a5c7e2-c46c-49f0-bfaa-16b6c68610fd,Animal Rescue,Raising funds for a great cause that will change lives.,66128.6,0.0,True,55,2025-04-16,2025-05-25,39
8f9f873b-4501-42d7-b418-0841664f1347,Build a School,Your help can make a big difference.,59360.81,0.0,True,36,2025-04-16,2025-05-30,44
1d25757f-93d3-4bd7-a2b2-fb81e801bde5,Medical Aid,Join us to support those in need.,56002.41,0.0,True,33,2025-04-16,2025-05-15,29
bf538686-8729-4b54-890f-98c26e02eb9e,Build a School,Together we can build a better future.,19869.76,0.0,False,38,2025-04-16,2025-06-30,75
731df360-857a-47fc-a376-5a63b062d66f,Help the Kids,Support our mission to provide essential services.,19359.11,0.0,True,50,2025-04-16,2025-05-27,41
c7f258d1-ea0a-4f7e-b16c-dfe000e1905a,Save the Earth,Every donation brings us closer to our goal.,48053.2,0.0,True,44,2025-04-16,2025-06-02,47
4567b5c9-0481-4125-afde-3ead86adfa5e,Animal Rescue,Every donation brings us closer to our goal.,80640.36,0.0,False,44,2025-04-16,2025-05-20,34
947801d0-eb62-47eb-907b-014bf1e6abbd,Save the Earth,Join us to support those in need.,2626.07,0.0,True,33,2025-04-16,2025-05-07,21
b68eedb6-ac08-46d9-9703-de175d0c8efa,Help the Kids,Every donation brings us closer to our goal.,2376.74,0.0,True,44,2025-04-16,2025-05-07,21
1499a62f-b3a0-4dfb-9943-9e3dc8616bf9,Clean Water Project,Raising funds for a great cause that will change lives.,89296.34,0.0,True,55,2025-04-16,2025-06-12,57
213a5984-28a5-4c23-921b-72467755e3e3,Build a School,Together we can build a better future.,98476.64,0.0,True,38,2025-04-16,2025-04-21,5
52592984-65e9-4bcb-aa43-581921aa38ea,Animal Rescue,Raising funds for a great cause that will change lives.,97205.03,0.0,True,55,2025-04-16,2025-05-29,43
4c092670-b41f-41dc-ac1c-8e56b491ee8e,Help the Kids,Raising funds for a great cause that will change lives.,58498.93,0.0,True,55,2025-04-16,2025-06-15,60
b4382479-4475-49ee-bd41-a59c12837abb,Animal Rescue,Together we can build a better future.,80380.02,0.0,False,38,2025-04-16,2025-05-27,41
384be765-47b2-453c-b706-e8c409166764,Medical Aid,Raising funds for a great cause that will change lives.,90689.76,0.0,True,55,2025-04-16,2025-06-20,65
7067b552-f965-4784-947c-8395473737f8,Animal Rescue,Raising funds for a great cause that will change lives.,94147.9,0.0,False,55,2025-04-16,2025-06-19,64
daefe94a-e45b-47f3-823a-ceff0e2d7ded,Clean Water Project,Raising funds for a great cause that will change lives.,47838.8,0.0,False,55,2025-04-16,2025-05-27,41
cdba0ffc-b3fb-4fd7-abe0-2f53b24228e1,Medical Aid,Join us to support those in need.,59948.4,0.0,False,33,2025-04-16,2025-05-19,33
d657b661-15bc-479f-ab84-b6bac70fb1d0,Build a School,Your help can make a big difference.,74122.68,0.0,True,36,2025-04-16,2025-04-25,9
51072607-a130-4d97-aaab-0019fca3755b,Help the Kids,Join us to support those in need.,51148.33,0.0,True,33,2025-04-16,2025-06-25,70
c6e42bb2-c067-4062-80f9-92d72509dc8e,Animal Rescue,Together we can build a better future.,84466.86,0.0,True,38,2025-04-16,2025-07-13,88
6fc4f88e-db29-4f4b-a8f2-d51df043a01d,Clean Water Project,Every donation brings us closer to our goal.,17612.07,0.0,False,44,2025-04-16,2025-06-11,56
1e80188b-1d27-4245-b01b-9c5c1ddf11c8,Save the Earth,Together we can build a better future.,87959.51,0.0,False,38,2025-04-16,2025-05-23,37
9cd9b30d-399f-47a8-acb3-490a7f45d017,Clean Water Project,Your help can make a big difference.,28064.85,0.0,True,36,2025-04-16,2025-05-03,17
df0e04ac-93e8-4bc4-a325-3c9abb75cec4,Save the Earth,Join us to support those in need.,68172.61,0.0,False,33,2025-04-16,2025-04-24,8
ae0144f1-09b2-47fc-93bf-757f3dc5992b,Save the Earth,Support our mission to provide essential services.,68162.9,0.0,True,50,2025-04-16,2025-07-07,82
2567b262-1931-4dc1-8f5d-f9c4bb685000,Clean Water Project,Support our mission to provide essential services.,93756.85,0.0,False,50,2025-04-16,2025-05-04,18
c46b577a-d4e3-465a-9e3f-8e6b9fd7ac30,Save the Earth,Every donation brings us closer to our goal.,98902.68,0.0,False,44,2025-04-16,2025-07-10,85
e2b8b336-adcb-4167-9f4e-188eeb519760,Medical Aid,Every donation brings us closer to our goal.,42648.88,0.0,True,44,2025-04-16,2025-05-21,35
59e9ac48-fa37-4d6e-aef9-7f879e2ea098,Save the Earth,Raising funds for a great cause that will change lives.,11556.38,0.0,True,55,2025-04-16,2025-05-09,23
ec776750-0fe6-417e-8358-d2a7787a6a1f,Build a School,Support our mission to provide essential services.,68618.23,0.0,True,50,2025-04-16,2025-05-01,15
ab39378c-9c04-4285-a204-50ecbafeb73b,Help the Kids,Every donation brings us closer to our goal.,87325.69,0.0,True,44,2025-04-16,2025-04-29,13
32beb568-ce11-4eeb-8660-65b56203885f,Medical Aid,Together we can build a better future.,76119.14,0.0,True,38,2025-04-16,2025-06-11,56
bc7981b1-24c5-4e84-9d24-f2569b6464c1,Help the Kids,Join us to support those in need.,31937.86,0.0,False,33,2025-04-16,2025-06-07,52
4a3de9c9-7ee5-4882-9ae3-95988f28fcfa,Save the Earth,Raising funds for a great cause that will change lives.,73544.24,0.0,True,55,2025-04-16,2025-06-04,49
a44bbe3e-9187-4212-97ce-8fa64c0a3639,Save the Earth,Your help can make a big difference.,34338.42,0.0,False,36,2025-04-16,2025-05-01,15
33623db8-2727-4ea5-b94b-3ad92e35ce70,Save the Earth,Together we can build a better future.,66823.53,0.0,True,38,2025-04-16,2025-06-27,72
48ee2f0f-79bf-4003-b3b7-0b20b8e89a4b,Save the Earth,Support our mission to provide essential services.,66123.63,0.0,False,50,2025-04-16,2025-04-28,12
623f5e1d-bc2a-40f3-82a7-6aafcfe1bf6f,Help the Kids,Raising funds for a great cause that will change lives.,77846.5,0.0,False,55,2025-04-16,2025-06-28,73
dc1b0b81-664b-4237-a007-41ccc2a14494,Clean Water Project,Join us to support those in need.,82911.03,0.0,True,33,2025-04-16,2025-05-26,40
f8329ea8-d885-421c-b37c-e069022c9cce,Save the Earth,Together we can build a better future.,1310.65,0.0,True,38,2025-04-16,2025-06-01,46
5502ecca-ee20-4303-ba55-3a407cb913c1,Medical Aid,Every donation brings us closer to our goal.,83115.92,0.0,True,44,2025-04-16,2025-06-03,48
486ceb49-9628-4eca-a8da-71df4b25ecfb,Save the Earth,Your help can make a big difference.,13880.83,0.0,False,36,2025-04-16,2025-06-22,67
1c86660c-f38e-46fe-a5d5-7a08b7f05984,Animal Rescue,Together we can build a better future.,52850.66,0.0,True,38,2025-04-16,2025-04-28,12
f96dd9db-ec52-4cbf-81ea-abdbe05a63ce,Clean Water Project,Your help can make a big difference.,72900.79,0.0,False,36,2025-04-16,2025-05-21,35
4ff80ad1-8349-4f76-8bf4-ab1a83ad1b8c,Medical Aid,Together we can build a better future.,14056.23,0.0,False,38,2025-04-16,2025-06-21,66
128e8630-fc7b-4893-9d4b-cc2138687e08,Clean Water Project,Every donation brings us closer to our goal.,63049.53,0.0,False,44,2025-04-16,2025-04-21,5
49094fdb-14f8-4325-bfbb-32216a141ede,Clean Water Project,Raising funds for a great cause that will change lives.,7154.93,0.0,False,55,2025-04-16,2025-07-06,81
65a820d9-a96c-4038-b719-ea6fbbb33ee6,Help the Kids,Together we can build a better future.,43665.17,0.0,True,38,2025-04-16,2025-05-20,34
ca360009-742f-4597-811b-afc392451d0f,Help the Kids,Raising funds for a great cause that will change lives.,42153.78,0.0,False,55,2025-04-16,2025-04-27,11
7736844e-044d-42d0-aa08-84b6b256ab95,Build a School,Every donation brings us closer to our goal.,32038.43,0.0,False,44,2025-04-16,2025-07-09,84
c5827b77-7f2f-406c-81bd-ff6e8c5df63c,Animal Rescue,Every donation brings us closer to our goal.,27012.63,0.0,True,44,2025-04-16,2025-06-24,69
b82b9ece-6862-454b-b6e0-8fb3890f0203,Medical Aid,Every donation brings us closer to our goal.,35123.58,0.0,True,44,2025-04-16,2025-06-29,74
6ad1ca12-ec7d-45df-a11f-d8740c9e89a1,Save the Earth,Join us to support those in need.,12193.6,0.0,True,33,2025-04-16,2025-05-13,27
912c305f-8d65-4d90-9ba1-9941f6698aaf,Build a School,Support our mission to provide essential services.,60114.22,0.0,False,50,2025-04-16,2025-06-15,60
e11d62c9-7213-492a-bba1-e8155e0506ee,Help the Kids,Raising funds for a great cause that will change lives.,35197.75,0.0,False,55,2025-04-16,2025-05-09,23
661ec4e4-8bf5-4711-8e8c-f85961031469,Clean Water Project,Support our mission to provide essential services.,22365.75,0.0,False,50,2025-04-16,2025-07-09,84
16176837-b8b7-4b47-8ed5-d226c247acd5,Medical Aid,Support our mission to provide essential services.,97720.01,0.0,True,50,2025-04-16,2025-06-06,51
a62755b7-1d07-4f3d-92b2-ccf5835d385d,Save the Earth,Together we can build a better future.,34687.83,0.0,False,38,2025-04-16,2025-04-26,10
994c16d8-8a6a-4adf-b940-9c6377c2b908,Build a School,Raising funds for a great cause that will change lives.,19851.41,0.0,True,55,2025-04-16,2025-05-13,27
f15678b7-8940-4791-9b5d-c5e657f2ec95,Animal Rescue,Together we can build a better future.,65616.27,0.0,True,38,2025-04-16,2025-06-17,62
fd5f7ceb-455e-4a33-aea2-67c7a9a26f1b,Medical Aid,Join us to support those in need.,3865.81,0.0,False,33,2025-04-16,2025-05-03,17
d6dd22be-6138-4119-94db-0b78e4a5206e,Medical Aid,Together we can build a better future.,87954.31,0.0,False,38,2025-04-16,2025-07-04,79
a0719109-d43f-4108-a6ac-5c2196edcd31,Build a School,Every donation brings us closer to our goal.,61367.76,0.0,True,44,2025-04-16,2025-06-30,75
d49afb89-1761-4170-aaba-911d9291ada0,Medical Aid,Every donation brings us closer to our goal.,99318.55,0.0,False,44,2025-04-16,2025-05-19,33
df0b415b-b821-4785-bd72-09dd0d5919e2,Help the Kids,Join us to support those in need.,11580.17,0.0,False,33,2025-04-16,2025-06-28,73
e043b70a-1fc5-466c-9fba-fefc0bf25f00,Animal Rescue,Your help can make a big difference.,38331.8,0.0,True,36,2025-04-16,2025-05-07,21
542e9651-ad33-4a8e-8df0-75d6e84b702e,Save the Earth,Support our mission to provide essential services.,53787.17,0.0,True,50,2025-04-16,2025-06-20,65
06a5a8fa-3fda-421c-96e4-60968046bdaf,Animal Rescue,Join us to support those in need.,70906.37,0.0,False,33,2025-04-16,2025-05-02,16
597c792d-cc02-445a-870e-828188eada53,Save the Earth,Every donation brings us closer to our goal.,74541.31,0.0,True,44,2025-04-16,2025-05-12,26
365c0146-3e60-4826-badc-6ce2dc6c329c,Medical Aid,Join us to support those in need.,64705.42,0.0,False,33,2025-04-16,2025-04-27,11
c966e133-c113-4550-9e76-55775bd8fad7,Clean Water Project,Your help can make a big difference.,87424.56,0.0,True,36,2025-04-16,2025-04-28,12
38c68c52-523c-4f33-8af7-05aff2b74eb5,Clean Water Project,Together we can build a better future.,9944.4,0.0,True,38,2025-04-16,2025-05-28,42
5ff1b5d5-be4f-4f49-88cd-227a22c2324f,Medical Aid,Together we can build a better future.,79202.34,0.0,True,38,2025-04-16,2025-05-11,25
6adc07f7-cb01-43bd-83da-a7c6dbb525b4,Build a School,Your help can make a big difference.,26232.21,0.0,False,36,2025-04-16,2025-04-22,6
bafa8de5-2878-4043-aa2f-9e2a961a171e,Help the Kids,Join us to support those in need.,67535.55,0.0,True,33,2025-04-16,2025-07-11,86
a7172aaa-beba-46da-a496-25dcdd679de3,Clean Water Project,Raising funds for a great cause that will change lives.,62487.87,0.0,False,55,2025-04-16,2025-06-02,47
402c895c-3772-4b03-adb1-e854af6beb04,Animal Rescue,Every donation brings us closer to our goal.,14709.9,0.0,False,44,2025-04-16,2025-05-29,43
4f15689f-360e-45bc-a2cf-f0c0a97ca337,Animal Rescue,Support our mission to provide essential services.,80925.14,0.0,True,50,2025-04-16,2025-05-19,33
9b110e4a-e6b6-44d2-af58-b4c81581beb8,Build a School,Support our mission to provide essential services.,87517.57,0.0,True,50,2025-04-16,2025-07-05,80
1437b2a1-9a11-4bd0-9f2a-da3a1200a2de,Help the Kids,Together we can build a better future.,89488.6,0.0,False,38,2025-04-16,2025-05-18,32
4bfad0e7-bf98-428d-bbe5-25da9325926a,Build a School,Support our mission to provide essential services.,41196.27,0.0,False,50,2025-04-16,2025-04-23,7
2481ad7f-928a-4a47-8590-7fb42156596d,Save the Earth,Every donation brings us closer to our goal.,2060.89,0.0,False,44,2025-04-16,2025-06-20,65
97d24b43-47cd-4a0b-8271-2eb4509cdb67,Clean Water Project,Join us to support those in need.,27414.99,0.0,False,33,2025-04-16,2025-07-13,88
6da6b6f6-661e-4dbd-b5f4-e0949f508f91,Medical Aid,Raising funds for a great cause that will change lives.,71657.13,0.0,False,55,2025-04-16,2025-05-16,30
161f50bb-ad07-44ec-aa5b-c5c07fb370ed,Help the Kids,Your help can make a big difference.,65137.17,0.0,False,36,2025-04-16,2025-06-26,71
b1716360-23a4-42c7-9c03-493a082d218b,Clean Water Project,Join us to support those in need.,6910.3,0.0,False,33,2025-04-16,2025-07-05,80
ef8f60a7-a610-4e02-a541-8273e0e2d2c5,Clean Water Project,Every donation brings us closer to our goal.,42495.73,0.0,False,44,2025-04-16,2025-06-15,60
bb2ebc4d-8da3-4d45-8a6f-7d0321dcc44b,Save the Earth,Together we can build a better future.,98180.79,0.0,False,38,2025-04-16,2025-06-30,75
00849f7c-921f-40e4-8c02-b9c0b3b22c14,Medical Aid,Raising funds for a great cause that will change lives.,7006.83,0.0,True,55,2025-04-16,2025-05-03,17
35a8ac87-60ca-4e7e-bf74-7eef6b5b6520,Build a School,Every donation brings us closer to our goal.,96970.26,0.0,True,44,2025-04-16,2025-07-09,84
5aa2cd8b-17b8-4962-bb93-9fc3ba653fe5,Medical Aid,Support our mission to provide essential services.,76021.47,0.0,False,50,2025-04-16,2025-05-28,42
2578bff6-ccba-4a0c-9ba9-8a6fa57b1601,Build a School,Raising funds for a great cause that will change lives.,3068.8,0.0,True,55,2025-04-16,2025-05-17,31
19eee15e-68c9-47b9-abe5-54c7fc322639,Clean Water Project,Support our mission to provide essential services.,89443.73,0.0,False,50,2025-04-16,2025-06-23,68
db1903da-3d03-49c0-9971-79b0da0b66e3,Animal Rescue,Raising funds for a great cause that will change lives.,29468.67,0.0,False,55,2025-04-16,2025-05-18,32
19e42287-5aee-46c6-be8d-a1c0f876c824,Medical Aid,Join us to support those in need.,90080.86,0.0,True,33,2025-04-16,2025-05-07,21
5b83648d-6120-4a53-9f0f-4c9c31d776a3,Save the Earth,Your help can make a big difference.,51732.98,0.0,False,36,2025-04-16,2025-05-27,41
e5e54920-876a-4204-936b-86aff22f1816,Build a School,Your help can make a big difference.,63954.3,0.0,True,36,2025-04-16,2025-07-05,80
093a0742-9365-4222-9c32-ac84c532b941,Build a School,Support our mission to provide essential services.,37026.82,0.0,False,50,2025-04-16,2025-05-11,25
f69fa3da-6b2a-4676-a31e-34c3a0117f2f,Medical Aid,Support our mission to provide essential services.,94422.2,0.0,True,50,2025-04-16,2025-07-09,84
c6c9e407-f8da-46ac-9b3b-67ded7ccd1cf,Medical Aid,Raising funds for a great cause that will change lives.,56218.78,0.0,True,55,2025-04-16,2025-05-31,45
069f19cd-c01c-41f2-b9b5-07d462269ffe,Animal Rescue,Join us to support those in need.,1804.63,0.0,True,33,2025-04-16,2025-05-09,23
d5b63a60-4e18-46c5-b64c-58a21a0ac975,Help the Kids,Your help can make a big difference.,35441.74,0.0,False,36,2025-04-16,2025-05-26,40
699d7c90-f568-44f7-92e7-4f0a5bda1a4c,Animal Rescue,Raising funds for a great cause that will change lives.,21772.16,0.0,False,55,2025-04-16,2025-06-17,62
71a5ef6b-dca2-4d80-a632-9f4f459d9120,Animal Rescue,Raising funds for a great cause that will change lives.,79354.84,0.0,False,55,2025-04-16,2025-05-29,43
8b576795-ff8d-489a-9816-cc1358483747,Clean Water Project,Support our mission to provide essential services.,65199.72,0.0,False,50,2025-04-16,2025-05-14,28
0274683b-cac1-42b6-a800-476c8de7a5b1,Medical Aid,Your help can make a big difference.,45311.69,0.0,False,36,2025-04-16,2025-07-14,89
b41f96c7-a0f6-4933-b464-bfcf9b54dc80,Animal Rescue,Your help can make a big difference.,27995.72,0.0,True,36,2025-04-16,2025-06-29,74
ee3bfb57-996a-4fa2-b145-07f6a75b395c,Help the Kids,Your help can make a big difference.,54721.16,0.0,False,36,2025-04-16,2025-05-24,38
72853c50-5487-41fe-bf78-d283e89363a6,Save the Earth,Every donation brings us closer to our goal.,93482.54,0.0,False,44,2025-04-16,2025-05-16,30
13e3617c-4fd8-4184-ab30-4eb439b7e13f,Help the Kids,Your help can make a big difference.,67969.71,0.0,True,36,2025-04-16,2025-05-29,43
3735b23f-db81-461d-b2ef-6b6b6fe8913e,Animal Rescue,Your help can make a big difference.,88858.14,0.0,True,36,2025-04-16,2025-07-10,85
ee1f250e-135e-43ba-adfd-dd1359c60e49,Help the Kids,Your help can make a big difference.,14518.53,0.0,True,36,2025-04-16,2025-06-20,65
1cb8268c-e960-4745-b5d5-12975a0d6748,Help the Kids,Your help can make a big difference.,13657.62,0.0,True,36,2025-04-16,2025-06-02,47
0e942a6c-4263-477a-8d08-3fe32e265d3c,Animal Rescue,Raising funds for a great cause that will change lives.,75221.54,0.0,True,55,2025-04-16,2025-05-04,18
f41abb3d-9431-4e62-bcbd-01a976f0c7b0,Help the Kids,Every donation brings us closer to our goal.,24884.79,0.0,False,44,2025-04-16,2025-06-20,65
afee30db-b17a-4842-b237-3fbb6940c8eb,Help the Kids,Raising funds for a great cause that will change lives.,71188.86,0.0,False,55,2025-04-16,2025-04-25,9
88842879-176f-4ea0-a17a-d9db4938cd68,Save the Earth,Raising funds for a great cause that will change lives.,39299.3,0.0,False,55,2025-04-16,2025-05-12,26
79a9d20c-e57f-4a6c-b172-155f102365c5,Help the Kids,Your help can make a big difference.,62069.91,0.0,True,36,2025-04-16,2025-05-22,36
1b29ea8c-88b3-4aaa-8cc8-360de3875eb7,Help the Kids,Support our mission to provide essential services.,23861.79,0.0,False,50,2025-04-16,2025-04-27,11
6e85f239-a803-43c2-8594-62da6d758d5c,Build a School,Every donation brings us closer to our goal.,48689.71,0.0,True,44,2025-04-16,2025-06-05,50
af42d033-beef-402b-af0d-ce72997a9da7,Medical Aid,Together we can build a better future.,18959.07,0.0,False,38,2025-04-16,2025-07-15,90
8722d84d-ef18-4f50-a10d-00646d104961,Medical Aid,Join us to support those in need.,68068.41,0.0,False,33,2025-04-16,2025-06-12,57
a79e03bd-aaf5-4811-ace0-3638cf1b9bc6,Medical Aid,Together we can build a better future.,21055.5,0.0,True,38,2025-04-16,2025-06-20,65
576e2cbe-cc15-4b68-b7b1-ba3abd2e3526,Save the Earth,Support our mission to provide essential services.,55295.59,0.0,True,50,2025-04-16,2025-06-27,72
60aca5c0-c28c-4f6c-9dda-8ef63e6c9e17,Build a School,Together we can build a better future.,92543.44,0.0,False,38,2025-04-16,2025-05-23,37
119d58da-c63f-4675-8506-3cd1d62b4871,Help the Kids,Raising funds for a great cause that will change lives.,19647.25,0.0,False,55,2025-04-16,2025-07-14,89
b6fe4d04-8793-41e9-96dd-2a0d1d8afe04,Animal Rescue,Support our mission to provide essential services.,67289.96,0.0,True,50,2025-04-16,2025-05-30,44
e53c6df1-1de0-449d-b0d0-52e20f60063a,Animal Rescue,Join us to support those in need.,71564.38,0.0,False,33,2025-04-16,2025-06-07,52
2a05f776-8a2d-481a-8523-523bab8b925d,Animal Rescue,Raising funds for a great cause that will change lives.,52790.11,0.0,False,55,2025-04-16,2025-06-30,75
4bf47d5d-ae48-49fc-8e09-d6fbe6398445,Animal Rescue,Your help can make a big difference.,13959.95,0.0,False,36,2025-04-16,2025-05-22,36
37e54c42-ac34-427a-948c-882f66fcea5b,Clean Water Project,Every donation brings us closer to our goal.,87524.5,0.0,True,44,2025-04-16,2025-06-21,66
16f147cb-31d7-4cfb-92ce-c4e0b8b7ba2f,Help the Kids,Your help can make a big difference.,70842.36,0.0,False,36,2025-04-16,2025-07-04,79
e303e7e9-fad2-4998-a8ae-4169957879a2,Medical Aid,Raising funds for a great cause that will change lives.,78662.83,0.0,True,55,2025-04-16,2025-04-22,6
377131b5-a3c8-424b-8088-09a7dac1ba8e,Clean Water Project,Together we can build a better future.,2337.48,0.0,True,38,2025-04-16,2025-06-07,52
1e6d8005-9539-4a2c-8197-206a49fd91d2,Medical Aid,Every donation brings us closer to our goal.,13761.21,0.0,False,44,2025-04-16,2025-06-15,60
e776c8f1-3ede-42f8-b145-8203aa89ad7b,Animal Rescue,Your help can make a big difference.,9687.09,0.0,False,36,2025-04-16,2025-05-08,22
30515313-0c38-4f36-8121-9ccd6cc4cb21,Help the Kids,Join us to support those in need.,50499.59,0.0,False,33,2025-04-16,2025-06-03,48
4536a760-fb9d-40c7-b410-8a5c7aef81f3,Clean Water Project,Your help can make a big difference.,77542.79,0.0,False,36,2025-04-16,2025-05-20,34
0dcddd42-9df9-4cfc-87f3-22f0c34b9abd,Help the Kids,Your help can make a big difference.,75540.72,0.0,False,36,2025-04-16,2025-06-11,56
ded290db-16b3-487a-b24a-9ff2422c1622,Medical Aid,Raising funds for a great cause that will change lives.,72002.9,0.0,True,55,2025-04-16,2025-06-21,66
ac321a59-41a3-4d8e-b664-3c0d17469e6e,Animal Rescue,Support our mission to provide essential services.,87824.87,0.0,True,50,2025-04-16,2025-07-03,78
584a4b34-7cc3-4ffc-a035-c5d2e0969467,Medical Aid,Your help can make a big difference.,39067.6,0.0,False,36,2025-04-16,2025-07-06,81
b82943f4-4012-4364-bbee-23a629e1cb77,Help the Kids,Join us to support those in need.,62999.41,0.0,False,33,2025-04-16,2025-06-19,64
c3895860-0315-4d2c-a3a3-ac90b23600c6,Animal Rescue,Support our mission to provide essential services.,90261.38,0.0,False,50,2025-04-16,2025-06-29,74
ab0f5db4-4fd7-466d-9aa9-862b629d1534,Medical Aid,Raising funds for a great cause that will change lives.,31321.23,0.0,True,55,2025-04-16,2025-04-22,6
1ba467dd-e780-49c8-bc2f-eb9fc0aa9566,Build a School,Together we can build a better future.,29170.22,0.0,True,38,2025-04-16,2025-05-02,16
2f301fe2-02ab-41af-9690-5dba95f3c06f,Save the Earth,Support our mission to provide essential services.,69666.67,0.0,False,50,2025-04-16,2025-06-10,55
6c05f55d-bcc7-4f31-93c5-7e0e54728411,Clean Water Project,Raising funds for a great cause that will change lives.,18030.23,0.0,True,55,2025-04-16,2025-05-26,40
33f6ca86-cda3-4418-ac4f-5991f54e345c,Medical Aid,Every donation brings us closer to our goal.,82389.02,0.0,True,44,2025-04-16,2025-06-12,57
f75f7a90-ff4f-448f-abbe-753f7d6a0bfe,Save the Earth,Together we can build a better future.,89743.79,0.0,True,38,2025-04-16,2025-06-15,60
405e784f-ebfb-40f5-903c-073ca4b1f662,Save the Earth,Together we can build a better future.,70637.45,0.0,False,38,2025-04-16,2025-06-27,72
fa9cb3d6-310a-451f-b608-2254137cf839,Save the Earth,Join us to support those in need.,33729.0,0.0,False,33,2025-04-16,2025-06-14,59
917a9b2a-fc2f-4b43-b8cf-4a187076c1bd,Save the Earth,Every donation brings us closer to our goal.,92599.48,0.0,True,44,2025-04-16,2025-05-02,16
c19984d6-0d19-42c1-9cb2-619a58ade0d3,Clean Water Project,Join us to support those in need.,75227.43,0.0,False,33,2025-04-16,2025-04-22,6
5412659a-213d-4f44-a612-12cbaca8de4a,Medical Aid,Together we can build a better future.,49615.59,0.0,False,38,2025-04-16,2025-05-19,33
5a39199a-fe2c-4b95-8244-54bd5b851cd8,Build a School,Raising funds for a great cause that will change lives.,90035.11,0.0,True,55,2025-04-16,2025-06-30,75
021be9d0-8074-4dd0-83a3-ccce2b221577,Help the Kids,Together we can build a better future.,14454.65,0.0,True,38,2025-04-16,2025-04-23,7
7e690dc0-6e2d-4d8a-963c-45feae7da50f,Build a School,Your help can make a big difference.,30051.98,0.0,True,36,2025-04-16,2025-05-18,32
833583c2-323b-4697-b5cd-a2aa5c793363,Save the Earth,Support our mission to provide essential services.,94830.14,0.0,False,50,2025-04-16,2025-05-21,35
5524e5f9-8007-46e7-9b68-c68abeb490e0,Clean Water Project,Every donation brings us closer to our goal.,4014.44,0.0,False,44,2025-04-16,2025-05-10,24
a5b6d77a-81c8-428d-a9e4-ad194b2758e0,Save the Earth,Every donation brings us closer to our goal.,13624.79,0.0,True,44,2025-04-16,2025-07-14,89
5a2957ea-e71a-4109-9c80-720567ba3e84,Save the Earth,Raising funds for a great cause that will change lives.,82059.07,0.0,False,55,2025-04-16,2025-06-04,49
c2a9fb07-255c-478e-8bd2-9d68f6fcf455,Build a School,Join us to support those in need.,78966.73,0.0,False,33,2025-04-16,2025-05-01,15
29a558d3-eba6-4a79-86c4-1bc98b6b99b5,Save the Earth,Join us to support those in need.,58479.33,0.0,False,33,2025-04-16,2025-05-19,33
f5c0c6e0-046a-4ac6-b8c4-949cce3898e6,Save the Earth,Every donation brings us closer to our goal.,84464.75,0.0,False,44,2025-04-16,2025-06-10,55
0f225dc3-6ef8-48d6-961b-a3c1438177ac,Save the Earth,Support our mission to provide essential services.,6229.8,0.0,True,50,2025-04-16,2025-05-30,44
a2a5cf63-67bd-450d-bd14-b41a18a101b2,Build a School,Raising funds for a great cause that will change lives.,15660.17,0.0,True,55,2025-04-16,2025-06-27,72
32f9fcd3-74e2-4c20-abe2-5d7eea160325,Animal Rescue,Your help can make a big difference.,2333.54,0.0,True,36,2025-04-16,2025-06-06,51
c79330e8-3ff0-49b3-83be-1b3acb7cc4a1,Build a School,Raising funds for a great cause that will change lives.,78934.58,0.0,True,55,2025-04-16,2025-06-19,64
8d04e60d-3fb0-4a84-9aaf-43ea9f015e10,Help the Kids,Every donation brings us closer to our goal.,30844.85,0.0,False,44,2025-04-16,2025-05-24,38
b10f1a9a-e566-48b2-8939-0d9dac4abf67,Clean Water Project,Raising funds for a great cause that will change lives.,96091.66,0.0,True,55,2025-04-16,2025-06-23,68
c15e55d7-f3eb-47e8-b024-85563df223d4,Clean Water Project,Every donation brings us closer to our goal.,75782.93,0.0,True,44,2025-04-16,2025-05-06,20
aae9d2f2-5ef5-4377-a3d7-d941112c914a,Medical Aid,Together we can build a better future.,86435.3,0.0,True,38,2025-04-16,2025-06-20,65
c22a311b-77b7-4814-9a0d-abb9c3a8496d,Animal Rescue,Every donation brings us closer to our goal.,70946.94,0.0,False,44,2025-04-16,2025-06-07,52
ee84660e-d781-4024-a554-d5544cf4e49e,Clean Water Project,Support our mission to provide essential services.,57432.58,0.0,True,50,2025-04-16,2025-04-30,14
3bb9264a-228b-49ab-ab0d-9d8c2c1f145b,Build a School,Join us to support those in need.,5808.09,0.0,True,33,2025-04-16,2025-07-11,86
c199f365-9cc7-49c7-934e-0cd7750e0a04,Help the Kids,Raising funds for a great cause that will change lives.,82031.56,0.0,True,55,2025-04-16,2025-06-02,47
b2473b4a-721b-457f-985a-bcc557d99308,Save the Earth,Your help can make a big difference.,8047.48,0.0,True,36,2025-04-16,2025-04-22,6
0805a309-28a6-499e-84a7-f1e0f4bc1d88,Save the Earth,Your help can make a big difference.,83279.58,0.0,True,36,2025-04-16,2025-06-26,71
85522094-739c-4ee8-911b-60a7a641ff1a,Clean Water Project,Together we can build a better future.,43186.65,0.0,True,38,2025-04-16,2025-07-13,88
304ec9b2-f650-4ca9-8c95-91dce693c463,Clean Water Project,Raising funds for a great cause that will change lives.,55610.91,0.0,True,55,2025-04-16,2025-05-14,28
9c1ae731-684a-48e6-8368-8659e433d5f4,Help the Kids,Your help can make a big difference.,38792.53,0.0,False,36,2025-04-16,2025-06-25,70
b7c4a071-a6bb-426b-a071-01842a4ab03e,Medical Aid,Every donation brings us closer to our goal.,51499.01,0.0,False,44,2025-04-16,2025-06-23,68
3bc34872-361e-4a82-a8c2-94f6bcc9c650,Save the Earth,Your help can make a big difference.,38577.9,0.0,False,36,2025-04-16,2025-05-19,33
55051e63-31cc-4469-96d4-798cd1ed44ef,Save the Earth,Your help can make a big difference.,95354.85,0.0,True,36,2025-04-16,2025-05-03,17
7fc664b8-4e7a-4b25-a7da-fd52c56a6453,Medical Aid,Every donation brings us closer to our goal.,88465.04,0.0,True,44,2025-04-16,2025-06-03,48
9f5b3735-5298-4d9b-a0e1-0f23cbdb3041,Help the Kids,Every donation brings us closer to our goal.,73679.95,0.0,True,44,2025-04-16,2025-06-09,54
1548b367-562a-49e2-8ee6-835dc296e6b7,Medical Aid,Join us to support those in need.,60361.78,0.0,True,33,2025-04-16,2025-04-22,6
bf62a569-1dfb-4188-845b-77e4db90ba12,Medical Aid,Raising funds for a great cause that will change lives.,35250.87,0.0,True,55,2025-04-16,2025-06-18,63
011546d6-5255-4a42-89d6-e1e4f7db2144,Build a School,Join us to support those in need.,6706.23,0.0,False,33,2025-04-16,2025-06-19,64
3dc445f3-02b9-4a3a-be5a-ade8c05bc6ca,Clean Water Project,Your help can make a big difference.,35772.18,0.0,False,36,2025-04-16,2025-05-27,41
2d603181-d19f-40cf-b271-55e5f1102d94,Medical Aid,Join us to support those in need.,80863.16,0.0,True,33,2025-04-16,2025-05-19,33
1f67efd8-544e-4bac-8abf-09cddd865b8c,Animal Rescue,Support our mission to provide essential services.,63161.12,0.0,True,50,2025-04-16,2025-06-17,62
c1c4e614-c783-4b03-9fb3-19d507e1a3d8,Medical Aid,Join us to support those in need.,24959.2,0.0,False,33,2025-04-16,2025-05-05,19
c64ea09c-49dc-44c0-8747-6a9dfca403e6,Help the Kids,Join us to support those in need.,35474.06,0.0,False,33,2025-04-16,2025-05-13,27
44e31410-9409-487e-94d1-5cd12382446b,Build a School,Support our mission to provide essential services.,81363.02,0.0,False,50,2025-04-16,2025-05-13,27
08d0412e-dcb6-40de-9805-0c1984e39b2f,Help the Kids,Join us to support those in need.,40942.84,0.0,False,33,2025-04-16,2025-04-26,10
082a23c2-e850-4039-8542-e4608a3110b8,Build a School,Raising funds for a great cause that will change lives.,28703.25,0.0,False,55,2025-04-16,2025-06-01,46
0aa14062-aa0d-41f1-ba70-a60006e71cc3,Animal Rescue,Join us to support those in need.,49795.36,0.0,False,33,2025-04-16,2025-05-15,29
5b0baf33-c1bd-45ac-a60b-e1796818eaf3,Build a School,Join us to support those in need.,73519.42,0.0,True,33,2025-04-16,2025-05-22,36
27e2dd15-614d-4353-ba59-c02e7cee12a8,Build a School,Together we can build a better future.,50700.96,0.0,False,38,2025-04-16,2025-07-09,84
e8dab296-4198-4043-9cb6-0ae9b8cb8a01,Animal Rescue,Together we can build a better future.,4510.01,0.0,True,38,2025-04-16,2025-06-16,61
c408776c-7eb6-4519-a226-5b974ddb3029,Build a School,Support our mission to provide essential services.,43660.03,0.0,False,50,2025-04-16,2025-05-27,41
604fc259-db89-4f57-b383-de69c87f45dc,Clean Water Project,Raising funds for a great cause that will change lives.,60577.42,0.0,True,55,2025-04-16,2025-04-29,13
84d4f1c7-934c-40cf-b10b-150f065f3310,Save the Earth,Join us to support those in need.,22889.99,0.0,False,33,2025-04-16,2025-07-08,83
a045887e-9f43-42bc-b046-19c71dec71ad,Help the Kids,Your help can make a big difference.,40008.29,0.0,True,36,2025-04-16,2025-07-03,78
97ebe5d7-8006-4a7a-990f-a238a4a8acdd,Clean Water Project,Your help can make a big difference.,36481.31,0.0,False,36,2025-04-16,2025-06-10,55
a229c946-8813-4d0b-9685-03a38937775a,Medical Aid,Your help can make a big difference.,46924.49,0.0,True,36,2025-04-16,2025-05-03,17
9e064fc5-1977-4965-acf9-fbb6da16014f,Save the Earth,Support our mission to provide essential services.,78857.24,0.0,False,50,2025-04-16,2025-06-13,58
570f1bfb-1e83-4b99-908b-b2c7ddb79840,Animal Rescue,Every donation brings us closer to our goal.,25578.26,0.0,False,44,2025-04-16,2025-07-05,80
857b15e6-2bf8-4cfe-91a0-d563ef3a99b9,Build a School,Raising funds for a great cause that will change lives.,65409.05,0.0,False,55,2025-04-16,2025-05-03,17
ad2af982-e1e7-4a68-9008-46d8557bff5d,Build a School,Every donation brings us closer to our goal.,11477.38,0.0,False,44,2025-04-16,2025-07-13,88
e8fca688-7c6d-47b8-a17a-2c44da2c5264,Animal Rescue,Together we can build a better future.,64673.13,0.0,True,38,2025-04-16,2025-05-29,43
d59feb84-9b65-4531-8f16-8a59a1c056b3,Help the Kids,Join us to support those in need.,70102.57,0.0,True,33,2025-04-16,2025-05-10,24
30fa0bd5-7c4e-45df-8be9-33211f955665,Build a School,Support our mission to provide essential services.,64131.23,0.0,False,50,2025-04-16,2025-07-05,80
ae69fb48-b51e-4c35-aea4-c163c91f7419,Animal Rescue,Join us to support those in need.,76123.58,0.0,False,33,2025-04-16,2025-05-14,28
810e4c83-4427-4833-883e-e688b6baa773,Save the Earth,Your help can make a big difference.,9036.85,0.0,True,36,2025-04-16,2025-06-03,48
9dba0fa2-672f-4c1e-a3c9-3f8b12de5af4,Build a School,Every donation brings us closer to our goal.,6105.98,0.0,True,44,2025-04-16,2025-05-10,24
eb188188-c7e9-4d11-ae8a-a723e362a687,Help the Kids,Together we can build a better future.,15046.27,0.0,False,38,2025-04-16,2025-05-05,19
fe8bd369-be0b-4281-b606-36bca7afa854,Clean Water Project,Together we can build a better future.,37717.44,0.0,False,38,2025-04-16,2025-06-13,58
0d43d311-44ef-42b2-9dc7-67cad5fd3858,Medical Aid,Your help can make a big difference.,27226.51,0.0,True,36,2025-04-16,2025-05-16,30
dab8905b-8142-42ec-9ab1-f0bea44ff432,Build a School,Join us to support those in need.,62895.7,0.0,False,33,2025-04-16,2025-06-30,75
f9544480-fdec-47df-95de-6b800f9e8378,Help the Kids,Join us to support those in need.,55828.34,0.0,False,33,2025-04-16,2025-05-09,23
81bffb59-c1b0-4b5c-bf0b-925e787d86b7,Medical Aid,Join us to support those in need.,50520.84,0.0,False,33,2025-04-16,2025-06-14,59
94cfc1fe-e91a-4e1c-addc-e13d67705dbe,Help the Kids,Support our mission to provide essential services.,91257.13,0.0,False,50,2025-04-16,2025-05-10,24
07532f0e-88ad-4920-8d0a-e642e686fc2d,Save the Earth,Your help can make a big difference.,41266.63,0.0,False,36,2025-04-16,2025-06-08,53
3dabc186-a482-4c3a-a04d-e43a898a554e,Animal Rescue,Raising funds for a great cause that will change lives.,25087.87,0.0,False,55,2025-04-16,2025-06-02,47
0a39b3d7-76c7-42f2-a9a6-f7b256907daf,Medical Aid,Support our mission to provide essential services.,61791.31,0.0,True,50,2025-04-16,2025-05-31,45
63a1ea78-01cf-49e7-a9c1-2f1e1a84eb8b,Animal Rescue,Support our mission to provide essential services.,60536.35,0.0,False,50,2025-04-16,2025-05-17,31
18ed9955-dd74-4834-b328-f2fed5694053,Medical Aid,Join us to support those in need.,35124.96,0.0,True,33,2025-04-16,2025-05-11,25
42386cdc-f9a0-449a-abf9-c5296e406790,Build a School,Every donation brings us closer to our goal.,41280.55,0.0,False,44,2025-04-16,2025-06-08,53
4859d018-8537-409f-8c07-506c464813ab,Animal Rescue,Support our mission to provide essential services.,88296.16,0.0,True,50,2025-04-16,2025-06-07,52
0c3deb35-6032-4ebe-8cfd-af056c6d14fb,Animal Rescue,Your help can make a big difference.,90253.56,0.0,True,36,2025-04-16,2025-04-24,8
4248b03d-570e-4674-9114-f12dc14f7adf,Build a School,Support our mission to provide essential services.,97477.0,0.0,False,50,2025-04-16,2025-06-06,51
d37df110-6718-4f12-9e43-98b6c6d4bd4c,Build a School,Every donation brings us closer to our goal.,32576.33,0.0,True,44,2025-04-16,2025-04-29,13
39fdb49e-5d78-4f6c-b09f-3bc2b27d00d6,Save the Earth,Every donation brings us closer to our goal.,89154.82,0.0,False,44,2025-04-16,2025-06-28,73
e56050f5-19e4-4498-8523-4693fc8d32f6,Clean Water Project,Support our mission to provide essential services.,71654.3,0.0,False,50,2025-04-16,2025-05-23,37
0de526d6-89a0-4481-8812-7c17fb590281,Animal Rescue,Every donation brings us closer to our goal.,82227.21,0.0,True,44,2025-04-16,2025-07-14,89
0e4f7061-76cc-4cae-91ec-81a373795181,Medical Aid,Every donation brings us closer to our goal.,29813.89,0.0,True,44,2025-04-16,2025-05-08,22
403858a1-6ce4-4155-8129-035bede9f977,Clean Water Project,Join us to support those in need.,1010.71,0.0,False,33,2025-04-16,2025-07-11,86
09adefd6-7677-413d-95ed-6982d0a35492,Build a School,Every donation brings us closer to our goal.,12788.34,0.0,False,44,2025-04-16,2025-05-16,30
ab4e9c67-fa83-4023-9759-5895b0312484,Clean Water Project,Your help can make a big difference.,4241.38,0.0,True,36,2025-04-16,2025-07-11,86
69ea047d-19ef-490f-96eb-eb8990089542,Medical Aid,Together we can build a better future.,88211.07,0.0,True,38,2025-04-16,2025-06-23,68
f4df0531-7b0b-4716-85a4-e356e5aafe4b,Clean Water Project,Together we can build a better future.,11249.56,0.0,False,38,2025-04-16,2025-05-25,39
8c349bec-e858-4b25-9c73-faec87d73d4f,Clean Water Project,Your help can make a big difference.,58195.55,0.0,False,36,2025-04-16,2025-04-21,5
b252b9da-b3e7-4292-8695-d1eb5bd13bd8,Save the Earth,Together we can build a better future.,78686.21,0.0,False,38,2025-04-16,2025-06-08,53
3458a37c-92bf-4ca6-9aa9-50324c82e362,Help the Kids,Support our mission to provide essential services.,63386.46,0.0,True,50,2025-04-16,2025-05-13,27
4250e514-9656-4d7d-a4a6-e71dcb8600a1,Clean Water Project,Raising funds for a great cause that will change lives.,77644.67,0.0,True,55,2025-04-16,2025-05-09,23
4aefdd87-0dcc-4e63-89e5-217b299e7092,Animal Rescue,Raising funds for a great cause that will change lives.,40306.98,0.0,True,55,2025-04-16,2025-05-13,27
6f0df66b-382b-4867-9f73-921d470f786b,Build a School,Your help can make a big difference.,20424.8,0.0,True,36,2025-04-16,2025-04-21,5
8e8a3a23-a561-40c9-ac1a-f8a0e9b66ca1,Medical Aid,Together we can build a better future.,36459.63,0.0,False,38,2025-04-16,2025-06-08,53
15d9e398-99e7-432b-8998-f2d53bbeef71,Build a School,Every donation brings us closer to our goal.,96462.75,0.0,False,44,2025-04-16,2025-05-05,19
a6897259-9dcc-43c0-8dfd-8843ea13e73d,Animal Rescue,Raising funds for a great cause that will change lives.,53029.07,0.0,True,55,2025-04-16,2025-07-08,83
7ff92e82-82a6-444f-ac8c-22f4ac6f9b88,Medical Aid,Together we can build a better future.,57652.24,0.0,False,38,2025-04-16,2025-06-12,57
72930260-489b-4609-890e-7bdbf416752b,Clean Water Project,Every donation brings us closer to our goal.,51966.79,0.0,True,44,2025-04-16,2025-05-16,30
05f99bc7-e178-4c18-bcb7-51e9be92b5e2,Clean Water Project,Support our mission to provide essential services.,93322.5,0.0,False,50,2025-04-16,2025-06-18,63
48dfaf82-d40c-46cd-a45f-4d32b1bfe451,Animal Rescue,Every donation brings us closer to our goal.,97735.63,0.0,True,44,2025-04-16,2025-05-07,21
cca0e0cd-401d-4829-b2da-4cf4356c9f90,Medical Aid,Join us to support those in need.,37026.92,0.0,False,33,2025-04-16,2025-05-28,42
67ef0fa1-f7df-4b40-b433-4fe8f6c75dda,Medical Aid,Join us to support those in need.,52954.49,0.0,True,33,2025-04-16,2025-06-14,59
94404917-b3d9-4383-bf28-32b7d475059e,Animal Rescue,Your help can make a big difference.,40651.52,0.0,True,36,2025-04-16,2025-06-07,52
793f6bb9-dd82-4057-9448-c11e334cf671,Save the Earth,Join us to support those in need.,97552.68,0.0,True,33,2025-04-16,2025-06-22,67
15ed8980-6866-461e-9029-52a36c941b67,Save the Earth,Support our mission to provide essential services.,40417.28,0.0,False,50,2025-04-16,2025-06-26,71
0c3c7183-93be-49db-b0b1-95ce2f903fc1,Save the Earth,Every donation brings us closer to our goal.,64471.0,0.0,True,44,2025-04-16,2025-05-08,22
f5497a53-984c-4817-b98d-05eb1a7d60e3,Medical Aid,Raising funds for a great cause that will change lives.,28860.58,0.0,False,55,2025-04-16,2025-06-05,50
317595a5-3af6-4396-a915-49e8ead4375c,Medical Aid,Together we can build a better future.,22485.1,0.0,True,38,2025-04-16,2025-05-23,37
fa5fbcdd-aecb-4ed1-b525-280d4add1b34,Build a School,Your help can make a big difference.,44076.64,0.0,True,36,2025-04-16,2025-07-10,85
593819f6-a6a2-438b-99ec-82371958c72f,Medical Aid,Together we can build a better future.,6538.15,0.0,False,38,2025-04-16,2025-06-26,71
2c6793a0-cc9c-4963-ad21-ac0209032c11,Medical Aid,Join us to support those in need.,8263.25,0.0,False,33,2025-04-16,2025-06-15,60
07cbcefb-b92c-4d27-a4fa-2e1b6eda4a54,Help the Kids,Raising funds for a great cause that will change lives.,12576.46,0.0,True,55,2025-04-16,2025-07-03,78
b4dea45f-adaf-4e81-9c31-9300c319174b,Build a School,Your help can make a big difference.,9600.67,0.0,True,36,2025-04-16,2025-06-26,71
42789141-7189-4c4d-b07a-f160f692233b,Help the Kids,Join us to support those in need.,96404.57,0.0,True,33,2025-04-16,2025-07-04,79
1601eea0-f117-4030-a731-9343975c9937,Clean Water Project,Join us to support those in need.,21714.91,0.0,False,33,2025-04-16,2025-06-29,74
a0fc7176-528d-4ec9-b91d-e14a3a447c08,Animal Rescue,Support our mission to provide essential services.,54193.74,0.0,False,50,2025-04-16,2025-06-21,66
62570ad7-6f2b-4184-bf6c-dfcab43b44f8,Animal Rescue,Join us to support those in need.,89963.93,0.0,True,33,2025-04-16,2025-06-07,52
74be33e4-61b8-4c37-9bd1-d93bce60817a,Save the Earth,Every donation brings us closer to our goal.,90190.09,0.0,False,44,2025-04-16,2025-04-30,14
ec4c1dee-107f-49fc-a3d3-7e9056beab04,Save the Earth,Together we can build a better future.,50641.09,0.0,True,38,2025-04-16,2025-07-13,88
eacd1b60-7bbc-496e-bc4e-f537c22da78e,Medical Aid,Join us to support those in need.,15130.07,0.0,True,33,2025-04-16,2025-05-26,40
0817e86c-2a12-4e3b-9554-c25b4a269a9d,Save the Earth,Your help can make a big difference.,60870.61,0.0,True,36,2025-04-16,2025-06-21,66
af59bb56-f00f-448f-b973-3a7f424a90e9,Build a School,Every donation brings us closer to our goal.,70151.69,0.0,True,44,2025-04-16,2025-07-02,77
cd13a17c-33ab-43b6-abd6-06055728b671,Medical Aid,Your help can make a big difference.,93131.25,0.0,False,36,2025-04-16,2025-06-04,49
244536c5-47f8-4b99-ba43-fae1564205f2,Animal Rescue,Support our mission to provide essential services.,71786.58,0.0,True,50,2025-04-16,2025-06-14,59
27c73a81-7669-45bc-ab83-a03ff1c0c039,Animal Rescue,Raising funds for a great cause that will change lives.,62536.7,0.0,True,55,2025-04-16,2025-05-16,30
c8cc5a38-0fdd-47ae-b4cd-d5d85bb59a3a,Clean Water Project,Raising funds for a great cause that will change lives.,83125.13,0.0,False,55,2025-04-16,2025-05-05,19
62bdfffe-f754-4de1-ad1f-aa34efd539eb,Animal Rescue,Join us to support those in need.,87637.33,0.0,True,33,2025-04-16,2025-04-30,14
be8a92e1-15ac-4a01-a1a9-650c2197ab08,Save the Earth,Every donation brings us closer to our goal.,23103.21,0.0,True,44,2025-04-16,2025-04-23,7
70ed6cb0-7f16-4e25-843f-2a6f92b13e84,Medical Aid,Every donation brings us closer to our goal.,60482.57,0.0,True,44,2025-04-16,2025-06-01,46
055172e8-59b7-444b-a90f-b8ee352be737,Clean Water Project,Raising funds for a great cause that will change lives.,71189.37,0.0,False,55,2025-04-16,2025-06-22,67
6ee724f9-0e3a-471a-b707-5f63b670b656,Save the Earth,Every donation brings us closer to our goal.,62053.75,0.0,True,44,2025-04-16,2025-06-08,53
acfe95ea-f0c3-4be6-a78d-d3f34488b90a,Animal Rescue,Every donation brings us closer to our goal.,57253.55,0.0,False,44,2025-04-16,2025-05-08,22
394f77e0-c615-4aba-ae0b-506d62651c92,Help the Kids,Every donation brings us closer to our goal.,90188.11,0.0,True,44,2025-04-16,2025-06-16,61
3ae8b9a2-e962-494b-b92a-0f0a752df21a,Help the Kids,Every donation brings us closer to our goal.,24836.53,0.0,True,44,2025-04-16,2025-06-15,60
6b6b9515-130e-474e-95da-eb8f31f1d444,Help the Kids,Support our mission to provide essential services.,82854.55,0.0,False,50,2025-04-16,2025-07-05,80
1e3b1efc-2b17-478d-8342-cfc4f933e4c7,Build a School,Raising funds for a great cause that will change lives.,85761.16,0.0,True,55,2025-04-16,2025-06-19,64
3d4aedab-1658-4f20-bfdc-50c008fd5802,Help the Kids,Support our mission to provide essential services.,30556.03,0.0,True,50,2025-04-16,2025-05-11,25
e476b3de-8a2f-48ec-998d-b008afe2c649,Clean Water Project,Together we can build a better future.,15006.2,0.0,False,38,2025-04-16,2025-06-06,51
45759e2e-4e8f-499f-84f3-cb02b018859e,Build a School,Support our mission to provide essential services.,74289.18,0.0,False,50,2025-04-16,2025-06-07,52
830494c7-3890-48f1-aec1-2b0d2a9b956d,Help the Kids,Support our mission to provide essential services.,12718.67,0.0,False,50,2025-04-16,2025-06-12,57
8e145329-05f4-4d7d-a9b7-9dc29d7c2dd1,Save the Earth,Together we can build a better future.,83623.4,0.0,False,38,2025-04-16,2025-06-18,63
71026c7c-2987-4f14-97f7-8b7c819d9661,Build a School,Every donation brings us closer to our goal.,29627.11,0.0,False,44,2025-04-16,2025-05-21,35
e504a091-ea3a-4f6d-a034-9b31ae8d2795,Clean Water Project,Join us to support those in need.,64264.28,0.0,True,33,2025-04-16,2025-06-16,61
523e8526-8810-4dbb-a0c5-d1a908423e36,Medical Aid,Every donation brings us closer to our goal.,25473.42,0.0,True,44,2025-04-16,2025-05-02,16
4eacfb7e-e134-43a6-881b-e557783e14f3,Animal Rescue,Together we can build a better future.,45643.83,0.0,True,38,2025-04-16,2025-05-02,16
0c9da24d-5b7f-4545-8719-3f6395717bf8,Build a School,Together we can build a better future.,3552.51,0.0,True,38,2025-04-16,2025-07-08,83
3f2d686d-4afa-4626-952c-88e9438d1ee6,Save the Earth,Every donation brings us closer to our goal.,16973.85,0.0,True,44,2025-04-16,2025-06-04,49
8470853c-386a-4040-9c6b-b22baaad2cd1,Medical Aid,Every donation brings us closer to our goal.,95045.18,0.0,True,44,2025-04-16,2025-06-26,71
46038e17-6ea2-4e54-b5cd-80f31a2a3429,Build a School,Support our mission to provide essential services.,99035.36,0.0,True,50,2025-04-16,2025-05-16,30
2ee60ac1-4e6f-458f-922e-ffc984e16300,Build a School,Your help can make a big difference.,10398.62,0.0,True,36,2025-04-16,2025-06-19,64
985bde5f-3b85-4c9b-8b75-e1cb4c04f92f,Clean Water Project,Together we can build a better future.,92526.73,0.0,False,38,2025-04-16,2025-04-21,5
49684617-d224-4db1-8e58-e19adfa83e89,Clean Water Project,Every donation brings us closer to our goal.,54733.26,0.0,False,44,2025-04-16,2025-06-28,73
c2e11790-ccb3-4778-8e11-cde25dd3623c,Clean Water Project,Raising funds for a great cause that will change lives.,5033.09,0.0,False,55,2025-04-16,2025-06-04,49
ba4cf308-b8ba-43cd-bcba-424979a6a206,Animal Rescue,Together we can build a better future.,86530.36,0.0,True,38,2025-04-16,2025-05-15,29
3971a7b3-9080-4847-90ca-9e6087e8e5fb,Animal Rescue,Raising funds for a great cause that will change lives.,18099.57,0.0,True,55,2025-04-16,2025-05-05,19
5bd46862-6354-4206-8082-c9871e904cb5,Build a School,Raising funds for a great cause that will change lives.,32632.61,0.0,False,55,2025-04-16,2025-05-31,45
1b7d4f55-6c8b-4a3c-ae1f-05cf60bd4dd0,Help the Kids,Every donation brings us closer to our goal.,97547.35,0.0,False,44,2025-04-16,2025-06-09,54
46b5c186-b4b6-47a6-b431-67269b3dbdf9,Animal Rescue,Join us to support those in need.,72245.22,0.0,True,33,2025-04-16,2025-06-24,69
f7f96617-aa5a-4b83-a75b-3792106cc501,Build a School,Together we can build a better future.,36547.89,0.0,False,38,2025-04-16,2025-06-14,59
5bee41c5-7842-48a2-bd9a-4ee1f8e289ed,Build a School,Raising funds for a great cause that will change lives.,86713.2,0.0,True,55,2025-04-16,2025-05-29,43
e6e21149-0392-45c3-a2d3-ae3b68e90166,Build a School,Join us to support those in need.,37941.94,0.0,False,33,2025-04-16,2025-05-11,25
dcbe4c4b-a8ef-4a75-bd1b-ba04b754a885,Clean Water Project,Raising funds for a great cause that will change lives.,74592.1,0.0,False,55,2025-04-16,2025-05-29,43
44ea66d5-9bf4-433c-ba7e-0b13cefa4ff4,Medical Aid,Every donation brings us closer to our goal.,68205.98,0.0,False,44,2025-04-16,2025-06-27,72
39d85064-e005-40df-8147-dd4a1d936c7f,Animal Rescue,Join us to support those in need.,94074.05,0.0,True,33,2025-04-16,2025-05-02,16
22d48119-e8a0-4582-bfac-f85fd2de56e1,Clean Water Project,Support our mission to provide essential services.,34073.94,0.0,False,50,2025-04-16,2025-05-08,22
dd48b45f-1710-4602-95d2-7f4de787e186,Help the Kids,Join us to support those in need.,32453.49,0.0,True,33,2025-04-16,2025-04-27,11
9d5de910-1da4-4ca1-a697-d1dfb3fb94d5,Help the Kids,Together we can build a better future.,3623.89,0.0,True,38,2025-04-16,2025-05-14,28
6c1aa205-3bb1-4374-92d8-5fdc6ab89f6d,Save the Earth,Together we can build a better future.,16858.04,0.0,True,38,2025-04-16,2025-07-01,76
ffd15e53-3112-4714-ada7-9a1d7092d3d1,Save the Earth,Raising funds for a great cause that will change lives.,13146.28,0.0,False,55,2025-04-16,2025-04-22,6
b34c0c54-e930-4646-9a25-31df9a30f0cc,Animal Rescue,Every donation brings us closer to our goal.,32921.46,0.0,False,44,2025-04-16,2025-05-09,23
cedaa9c5-d041-4396-bcf9-37cfde8ab425,Clean Water Project,Your help can make a big difference.,46905.33,0.0,False,36,2025-04-16,2025-07-10,85
787ddf91-81ea-4ed1-8643-92b317174f85,Medical Aid,Every donation brings us closer to our goal.,36270.06,0.0,False,44,2025-04-16,2025-05-02,16
232354fd-f85d-4ce9-9b86-624369aca6e0,Clean Water Project,Your help can make a big difference.,31549.2,0.0,False,36,2025-04-16,2025-05-03,17
4adeaf5b-e65a-4b1d-ac0f-3945434b1bb6,Build a School,Your help can make a big difference.,40699.53,0.0,True,36,2025-04-16,2025-05-08,22
9919e7c5-586d-465a-95f1-dfe3bf69048e,Animal Rescue,Every donation brings us closer to our goal.,86489.98,0.0,True,44,2025-04-16,2025-05-25,39
b4e56abf-f328-4ac1-af16-25d511d3e763,Clean Water Project,Every donation brings us closer to our goal.,10246.76,0.0,False,44,2025-04-16,2025-05-24,38
1c789520-25be-470d-9e42-20971ba03731,Build a School,Support our mission to provide essential services.,86594.53,0.0,False,50,2025-04-16,2025-06-27,72
7a8baf0b-f3cd-4d9e-98e0-5096a72cd131,Medical Aid,Every donation brings us closer to our goal.,22939.17,0.0,True,44,2025-04-16,2025-05-16,30
3bf80633-d6fd-4862-87ad-a2f91df77428,Save the Earth,Your help can make a big difference.,41667.94,0.0,False,36,2025-04-16,2025-06-12,57
34834860-8989-4746-b768-0d9cd0f9bb65,Clean Water Project,Support our mission to provide essential services.,65264.46,0.0,True,50,2025-04-16,2025-05-07,21
99ac4333-4459-45d1-b6c4-2d5e2a4ae1ea,Medical Aid,Join us to support those in need.,98043.83,0.0,True,33,2025-04-16,2025-05-11,25
e95635ea-586e-4308-905f-6d89921fe339,Medical Aid,Join us to support those in need.,14942.63,0.0,True,33,2025-04-16,2025-05-10,24
555e9964-6b8d-43bd-98b5-32d51327fef1,Medical Aid,Together we can build a better future.,16181.83,0.0,False,38,2025-04-16,2025-05-28,42
acb68f95-d479-4baf-a760-bcd3350d8142,Save the Earth,Support our mission to provide essential services.,63617.89,0.0,True,50,2025-04-16,2025-06-12,57
fd0e1ed1-0ee2-4b58-9333-9a1d10ea7177,Help the Kids,Join us to support those in need.,1305.05,0.0,True,33,2025-04-16,2025-04-25,9
76dc0f03-29ec-4b15-b3ce-eec1e0dd4836,Help the Kids,Every donation brings us closer to our goal.,13669.44,0.0,True,44,2025-04-16,2025-06-04,49
8f341ab1-7734-47da-906b-8e0a94478b2f,Animal Rescue,Support our mission to provide essential services.,7205.32,0.0,False,50,2025-04-16,2025-06-28,73
a6b11986-fe01-4c21-a519-2b716c3fcbc3,Medical Aid,Raising funds for a great cause that will change lives.,98228.37,0.0,True,55,2025-04-16,2025-05-06,20
08217346-5445-4247-8346-94fe220e421f,Build a School,Your help can make a big difference.,29022.07,0.0,False,36,2025-04-16,2025-06-13,58
020bfde7-5ad9-4f3d-b55f-b2ae379b8d3b,Help the Kids,Together we can build a better future.,38039.71,0.0,False,38,2025-04-16,2025-05-25,39
af364cb3-8b17-412f-b03b-201003136361,Clean Water Project,Every donation brings us closer to our goal.,61768.27,0.0,False,44,2025-04-16,2025-06-05,50
3032efb8-8d53-406d-8279-196e72562423,Help the Kids,Your help can make a big difference.,17049.07,0.0,True,36,2025-04-16,2025-04-26,10
6f223a6c-2dff-4f96-b348-81074be723c9,Clean Water Project,Join us to support those in need.,78350.67,0.0,False,33,2025-04-16,2025-06-07,52
e794ae46-5da4-4516-b725-c0d2b0d9384d,Help the Kids,Your help can make a big difference.,35953.74,0.0,True,36,2025-04-16,2025-06-07,52
fa635f1f-b267-4893-a19a-7026d2ba55d4,Build a School,Together we can build a better future.,7562.75,0.0,False,38,2025-04-16,2025-05-27,41
850221a1-bcc5-4fe7-ae9c-e35306133a1e,Save the Earth,Together we can build a better future.,40630.85,0.0,True,38,2025-04-16,2025-05-24,38
ab50a08f-19a3-442b-8f88-1dd42c18cc5a,Build a School,Support our mission to provide essential services.,40095.77,0.0,True,50,2025-04-16,2025-05-18,32
003ee6c4-efdc-4c4b-b1f9-f142edb0e024,Save the Earth,Support our mission to provide essential services.,73541.47,0.0,False,50,2025-04-16,2025-05-30,44
deb9c230-90f4-4ae4-9978-4f9a0836288d,Build a School,Raising funds for a great cause that will change lives.,65462.24,0.0,True,55,2025-04-16,2025-07-13,88
4cf101c9-d13f-45ff-9622-831006fa804c,Build a School,Support our mission to provide essential services.,60905.36,0.0,False,50,2025-04-16,2025-07-13,88
e5074913-96b4-40ca-8427-900c22eeb7d1,Clean Water Project,Together we can build a better future.,10086.24,0.0,False,38,2025-04-16,2025-06-15,60
95573274-a38d-45e8-8824-a829ad921c44,Animal Rescue,Your help can make a big difference.,41045.67,0.0,False,36,2025-04-16,2025-06-04,49
9b0317f5-a0d1-44dd-a7a4-177a55c7b515,Medical Aid,Your help can make a big difference.,46176.03,0.0,True,36,2025-04-16,2025-05-17,31
390abef2-b0d6-4d96-a40d-1a96f283af43,Save the Earth,Together we can build a better future.,27391.63,0.0,True,38,2025-04-16,2025-06-16,61
d96005fb-8336-485f-a45b-b8eb0cda02e2,Clean Water Project,Every donation brings us closer to our goal.,57979.13,0.0,True,44,2025-04-16,2025-06-12,57
3f27acf3-5b20-4da3-b65d-1caedc857e09,Medical Aid,Your help can make a big difference.,84987.97,0.0,False,36,2025-04-16,2025-07-05,80
811795b8-b59b-475e-bc57-90da0fe34b4d,Help the Kids,Every donation brings us closer to our goal.,34850.51,0.0,False,44,2025-04-16,2025-04-23,7
09bc48f9-dd33-4be4-a7b6-111198d4cdf4,Save the Earth,Together we can build a better future.,84182.79,0.0,True,38,2025-04-16,2025-05-18,32
899a7c6c-c3b8-431e-91e4-5c81266416e7,Build a School,Join us to support those in need.,65058.82,0.0,False,33,2025-04-16,2025-06-24,69
80bd2c14-1d6c-44b9-91cb-082aa5b4c2a7,Medical Aid,Together we can build a better future.,29430.21,0.0,True,38,2025-04-16,2025-05-11,25
2f4efed6-8776-4150-b9f5-8f56a1296e4f,Animal Rescue,Together we can build a better future.,19795.37,0.0,True,38,2025-04-16,2025-05-19,33
b07e2a7e-a2f7-48b4-abf9-195b549c87dc,Help the Kids,Join us to support those in need.,13462.82,0.0,False,33,2025-04-16,2025-05-13,27
576ce954-038b-4bac-8ed1-6db3005d4cf3,Clean Water Project,Join us to support those in need.,51319.1,0.0,False,33,2025-04-16,2025-05-08,22
bcfc1516-d75b-4b70-b6d8-97001d1a9bd2,Animal Rescue,Every donation brings us closer to our goal.,5959.15,0.0,True,44,2025-04-16,2025-05-16,30
18e6a112-5fbf-4ef6-a6a2-f8081d6b1d55,Help the Kids,Together we can build a better future.,17734.9,0.0,True,38,2025-04-16,2025-06-02,47
3491f39a-c2a9-4fec-a4c8-fb9b9c73d4b3,Medical Aid,Your help can make a big difference.,39107.66,0.0,True,36,2025-04-16,2025-04-25,9
caf5e770-1175-4a7e-90ff-b1b26fc63ef0,Clean Water Project,Your help can make a big difference.,47895.65,0.0,False,36,2025-04-16,2025-06-10,55
73f03391-8091-4e00-8628-6e97d1f49d38,Medical Aid,Raising funds for a great cause that will change lives.,83571.55,0.0,True,55,2025-04-16,2025-06-27,72
bff13421-2500-4e6b-a7b4-b04e7ce92c30,Save the Earth,Your help can make a big difference.,83870.88,0.0,True,36,2025-04-16,2025-07-13,88
f1e59ae8-aa4c-453b-aa38-32dc34a25b2c,Help the Kids,Your help can make a big difference.,22520.06,0.0,True,36,2025-04-16,2025-06-04,49
306ea318-3547-4cb8-b077-d68ca2ea160e,Medical Aid,Every donation brings us closer to our goal.,91668.5,0.0,True,44,2025-04-16,2025-06-03,48
aad782ef-d15c-421a-a2f6-195e7f5e7032,Clean Water Project,Together we can build a better future.,17458.91,0.0,False,38,2025-04-16,2025-05-06,20
be92c43d-bf4f-4108-a86d-7092dfc6607d,Help the Kids,Support our mission to provide essential services.,68441.98,0.0,False,50,2025-04-16,2025-05-17,31
8fa276e4-20de-4fcc-894e-ef378a8eb332,Build a School,Support our mission to provide essential services.,29596.35,0.0,True,50,2025-04-16,2025-06-06,51
72ea608e-3b56-4ae9-a867-875e34ea96de,Build a School,Support our mission to provide essential services.,30500.17,0.0,False,50,2025-04-16,2025-06-16,61
a84f2636-1da9-4abd-87cd-bc5edb91fa31,Clean Water Project,Every donation brings us closer to our goal.,12896.09,0.0,False,44,2025-04-16,2025-04-22,6
c6c58f5c-7449-49b5-8e5c-d7fbb30c272a,Medical Aid,Your help can make a big difference.,86848.8,0.0,True,36,2025-04-16,2025-06-02,47
9f0ffab0-ed3b-4daa-a487-039e90a51a00,Build a School,Raising funds for a great cause that will change lives.,20756.29,0.0,True,55,2025-04-16,2025-05-15,29
73b5b016-e843-40f0-9718-9ccd6eeacb47,Medical Aid,Together we can build a better future.,33244.71,0.0,False,38,2025-04-16,2025-06-21,66
52000a76-1617-44e7-bf7a-222fad4c40ef,Help the Kids,Your help can make a big difference.,92901.9,0.0,False,36,2025-04-16,2025-07-13,88
1b59b6f6-b916-477f-bd96-d7141b4b18c0,Clean Water Project,Raising funds for a great cause that will change lives.,17280.11,0.0,True,55,2025-04-16,2025-06-15,60
aa5589b3-40d1-42ef-a5f3-4d5a443dc197,Medical Aid,Join us to support those in need.,82953.16,0.0,True,33,2025-04-16,2025-05-27,41
07945db0-62e4-42eb-ac1b-d14adfa78c28,Help the Kids,Raising funds for a great cause that will change lives.,84466.79,0.0,True,55,2025-04-16,2025-05-16,30
c1c01579-22a6-4148-97db-4e6079c3c911,Help the Kids,Raising funds for a great cause that will change lives.,85573.8,0.0,False,55,2025-04-16,2025-07-15,90
6dd95cf2-7d68-4c01-ab6f-aeb1c1c96660,Clean Water Project,Together we can build a better future.,25859.44,0.0,False,38,2025-04-16,2025-05-08,22
396aa17d-1467-44a7-a51a-af615c789ab0,Build a School,Join us to support those in need.,67919.92,0.0,False,33,2025-04-16,2025-05-23,37
32e61cb8-0203-4fc5-adb6-9abf8f01c637,Clean Water Project,Join us to support those in need.,22384.27,0.0,True,33,2025-04-16,2025-04-30,14
f49db68b-1d9e-4703-8263-0b6cc6f3dd06,Clean Water Project,Raising funds for a great cause that will change lives.,65649.91,0.0,True,55,2025-04-16,2025-05-14,28
62527e47-c6a2-4ba7-93ef-78c21b8fc973,Save the Earth,Support our mission to provide essential services.,95102.66,0.0,True,50,2025-04-16,2025-04-28,12
7b381e1f-9278-4ad2-8802-337c22ae0bbe,Save the Earth,Support our mission to provide essential services.,76776.07,0.0,True,50,2025-04-16,2025-07-03,78
a7dd7789-5e77-4433-a234-1702773c3caa,Help the Kids,Raising funds for a great cause that will change lives.,41204.93,0.0,True,55,2025-04-16,2025-05-17,31
5b673611-1428-4729-a81b-e921ae2b581c,Help the Kids,Together we can build a better future.,15097.58,0.0,False,38,2025-04-16,2025-04-28,12
5b25df35-7906-4c0e-9f78-1806fe26050f,Clean Water Project,Every donation brings us closer to our goal.,79811.0,0.0,True,44,2025-04-16,2025-05-21,35
2dc5859d-d7e8-4440-bbca-ff4559caa4c0,Clean Water Project,Raising funds for a great cause that will change lives.,48295.84,0.0,True,55,2025-04-16,2025-05-19,33
5485e31b-7207-49dd-a611-0074d93a0e01,Build a School,Your help can make a big difference.,83784.84,0.0,True,36,2025-04-16,2025-06-19,64
b1d37017-0073-4012-b4fd-36c56292121a,Clean Water Project,Raising funds for a great cause that will change lives.,81949.32,0.0,False,55,2025-04-16,2025-05-18,32
e6d4193c-771a-44b7-b33b-5eb56ec89c7a,Help the Kids,Raising funds for a great cause that will change lives.,96457.23,0.0,True,55,2025-04-16,2025-05-02,16
2af14eaf-be2b-4acc-a7d9-b0b898a224ac,Build a School,Every donation brings us closer to our goal.,92029.69,0.0,True,44,2025-04-16,2025-05-12,26
c153cb16-1a6b-4898-9ce2-ff32499130ce,Build a School,Join us to support those in need.,31462.23,0.0,True,33,2025-04-16,2025-05-23,37
fb331bde-7a82-47d6-ab1d-86f866e4cf60,Help the Kids,Support our mission to provide essential services.,70458.9,0.0,False,50,2025-04-16,2025-04-23,7
0e45f942-6bb7-4122-bb4c-de663dc5d023,Clean Water Project,Raising funds for a great cause that will change lives.,44904.83,0.0,True,55,2025-04-16,2025-05-13,27
0bcb1bbe-b7be-4759-9f43-2d75a8c7ad5b,Clean Water Project,Your help can make a big difference.,41104.74,0.0,True,36,2025-04-16,2025-05-27,41
74d8956b-e7a2-4bcc-97c9-329a5a15dd37,Build a School,Your help can make a big difference.,38570.56,0.0,False,36,2025-04-16,2025-06-12,57
cbf200b8-741c-46a8-ab4a-2628d3ceb3c7,Animal Rescue,Support our mission to provide essential services.,61018.08,0.0,True,50,2025-04-16,2025-05-24,38
1171beb0-cdcd-46ae-ba1f-daa601f8cecf,Save the Earth,Raising funds for a great cause that will change lives.,11639.37,0.0,True,55,2025-04-16,2025-05-09,23
45e9a192-76f2-4282-8692-d495372cf598,Save the Earth,Every donation brings us closer to our goal.,2937.65,0.0,True,44,2025-04-16,2025-05-02,16
b41aef21-c409-403a-a2c5-b37e6165b3b3,Clean Water Project,Join us to support those in need.,26714.61,0.0,True,33,2025-04-16,2025-06-21,66
57de7129-9974-4a21-8210-bf18df55347a,Medical Aid,Support our mission to provide essential services.,13136.68,0.0,False,50,2025-04-16,2025-04-28,12
5c8003da-68f9-4815-80bd-0b3327ead0da,Save the Earth,Every donation brings us closer to our goal.,46378.49,0.0,False,44,2025-04-16,2025-04-28,12
1ef22b16-86b0-41ca-907b-7cc77039daf5,Clean Water Project,Together we can build a better future.,25214.38,0.0,False,38,2025-04-16,2025-06-22,67
c8dc0d24-f392-4bbf-88de-70fe0e1d5ad0,Help the Kids,Raising funds for a great cause that will change lives.,91317.63,0.0,False,55,2025-04-16,2025-06-06,51
60910888-e061-4ad0-b784-2303085248c5,Build a School,Every donation brings us closer to our goal.,61438.47,0.0,False,44,2025-04-16,2025-07-08,83
bdb5d779-565b-4253-a9f3-bb95e9eb1a91,Animal Rescue,Every donation brings us closer to our goal.,31274.36,0.0,False,44,2025-04-16,2025-07-01,76
2902273f-a6bf-4c9f-9184-03dae6fc237e,Help the Kids,Your help can make a big difference.,97281.96,0.0,True,36,2025-04-16,2025-06-07,52
4295bc38-91a3-4f37-aced-3234e0afecd9,Save the Earth,Your help can make a big difference.,22662.89,0.0,True,36,2025-04-16,2025-05-11,25
19538ae1-69e8-4909-a55c-4b16ad829759,Build a School,Support our mission to provide essential services.,14411.6,0.0,False,50,2025-04-16,2025-06-28,73
2aa7ee02-f055-4efe-97f6-7a03c577f39d,Clean Water Project,Every donation brings us closer to our goal.,29131.89,0.0,True,44,2025-04-16,2025-05-31,45
d34b3f8a-bd3b-4240-8f06-373b5a0357e9,Build a School,Join us to support those in need.,47379.54,0.0,False,33,2025-04-16,2025-05-07,21
6b9bb809-3142-4d39-94f2-4a97448d6e3b,Animal Rescue,Together we can build a better future.,43427.31,0.0,False,38,2025-04-16,2025-06-17,62
e3e04083-de77-4816-90dd-79adf6f87e5e,Clean Water Project,Your help can make a big difference.,4207.88,0.0,True,36,2025-04-16,2025-06-25,70
415145da-30f3-4b63-a823-862b5a8db785,Clean Water Project,Join us to support those in need.,63972.75,0.0,False,33,2025-04-16,2025-07-11,86
360dd229-4e33-4fcf-b413-0efe9b6c13fe,Save the Earth,Support our mission to provide essential services.,95697.43,0.0,True,50,2025-04-16,2025-06-01,46
ca6b79a6-bbd5-4322-8916-e5326ae58060,Clean Water Project,Join us to support those in need.,8006.39,0.0,False,33,2025-04-16,2025-06-23,68
bf172306-f233-4dec-8e7e-9fb5f2dc885c,Help the Kids,Your help can make a big difference.,85185.62,0.0,True,36,2025-04-16,2025-05-30,44
059b0cef-3aaf-4fb2-a16f-3a5320134cac,Help the Kids,Together we can build a better future.,44706.5,0.0,True,38,2025-04-16,2025-05-20,34
de2f018f-50ee-4f2c-9514-69b11fc93db2,Medical Aid,Raising funds for a great cause that will change lives.,59995.17,0.0,True,55,2025-04-16,2025-07-01,76
d6d8d846-2748-4caf-8a11-dce56f8e3920,Clean Water Project,Join us to support those in need.,1789.4,0.0,True,33,2025-04-16,2025-05-20,34
e5031ca1-bd5d-46c7-aff1-a91d86dc11fa,Build a School,Your help can make a big difference.,2148.0,0.0,True,36,2025-04-16,2025-05-26,40
a93745bd-5ae1-4c14-abaf-965218093a4c,Help the Kids,Raising funds for a great cause that will change lives.,53699.31,0.0,False,55,2025-04-16,2025-07-02,77
111c5f98-befd-4939-b2a1-1eee6ddd3724,Clean Water Project,Together we can build a better future.,39489.18,0.0,False,38,2025-04-16,2025-06-13,58
986fbd24-3091-4b32-a5b4-884c7f22ed8e,Build a School,Join us to support those in need.,53417.34,0.0,False,33,2025-04-16,2025-05-17,31
243fe0f5-47c1-4fb7-8e32-58a26616d426,Animal Rescue,Every donation brings us closer to our goal.,60591.53,0.0,True,44,2025-04-16,2025-07-13,88
998e038b-59ac-46fb-8035-644746d5e545,Help the Kids,Every donation brings us closer to our goal.,52250.9,0.0,False,44,2025-04-16,2025-05-20,34
3f630790-145b-4203-b21c-2bf6c1463340,Build a School,Every donation brings us closer to our goal.,23738.66,0.0,False,44,2025-04-16,2025-05-28,42
04c30b6f-719d-4c2e-8f8c-ade3a2fa906e,Help the Kids,Raising funds for a great cause that will change lives.,63672.37,0.0,False,55,2025-04-16,2025-05-10,24
da395ae7-c0d3-4a32-849b-8ba8e9e78cf7,Build a School,Support our mission to provide essential services.,45161.81,0.0,False,50,2025-04-16,2025-05-31,45
1f6730aa-bcd1-456b-864a-d551b9b4b1d9,Clean Water Project,Together we can build a better future.,14747.23,0.0,False,38,2025-04-16,2025-05-14,28
0ab182a0-cb64-4211-bfa3-5985262dc303,Animal Rescue,Your help can make a big difference.,14498.13,0.0,True,36,2025-04-16,2025-07-11,86
63ad3403-8aea-4998-8af9-a84b88a50412,Build a School,Join us to support those in need.,41173.54,0.0,False,33,2025-04-16,2025-04-27,11
ec73790f-e8cd-4395-a4bf-250764e92cf7,Build a School,Your help can make a big difference.,64992.52,0.0,False,36,2025-04-16,2025-07-06,81
b7045be1-de4d-46e7-9dfb-d59426cdd1a8,Animal Rescue,Raising funds for a great cause that will change lives.,77020.44,0.0,True,55,2025-04-16,2025-07-01,76
97c925fd-b9e6-4a77-acc6-bfc724401552,Medical Aid,Join us to support those in need.,59306.04,0.0,True,33,2025-04-16,2025-05-10,24
4a1be2f5-5fa4-4c4e-9cc3-e8abdfde7e50,Help the Kids,Together we can build a better future.,93550.92,0.0,False,38,2025-04-16,2025-05-07,21
061f5784-d2b6-4eea-b46f-3d37f3d3d9f5,Build a School,Raising funds for a great cause that will change lives.,34211.12,0.0,False,55,2025-04-16,2025-06-20,65
c9307607-c994-4c7f-bc67-587a38f01bde,Build a School,Support our mission to provide essential services.,60807.87,0.0,False,50,2025-04-16,2025-05-31,45
13c98157-067a-4866-95b8-3432532d3839,Medical Aid,Your help can make a big difference.,27613.02,0.0,False,36,2025-04-16,2025-06-22,67
535c9053-674b-4226-b0ab-6589cf9be1e6,Help the Kids,Every donation brings us closer to our goal.,5849.25,0.0,True,44,2025-04-16,2025-06-09,54
613702db-a531-434d-84ae-a4920d916d68,Help the Kids,Join us to support those in need.,89801.79,0.0,True,33,2025-04-16,2025-04-26,10
1960fc50-7fee-4e27-aefc-7a40caeab878,Build a School,Raising funds for a great cause that will change lives.,2936.89,0.0,False,55,2025-04-16,2025-05-23,37
113ec647-7aab-4d02-bcf3-3698ff573506,Save the Earth,Every donation brings us closer to our goal.,69261.3,0.0,False,44,2025-04-16,2025-05-08,22
b26bfdf4-ffa7-471f-9372-17b1a2cde80c,Clean Water Project,Join us to support those in need.,68465.82,0.0,False,33,2025-04-16,2025-04-27,11
b693e02c-d5fd-4e6e-ab70-ac82814643b0,Help the Kids,Together we can build a better future.,97969.65,0.0,False,38,2025-04-16,2025-06-27,72
c05e80a5-892d-4ee0-a77c-181c4dda48ed,Medical Aid,Raising funds for a great cause that will change lives.,47213.1,0.0,True,55,2025-04-16,2025-05-30,44
75ed0bb6-f18c-473d-8017-faa848d75886,Save the Earth,Join us to support those in need.,95225.67,0.0,True,33,2025-04-16,2025-06-06,51
b8eeb182-0562-4190-8558-633485b6c778,Clean Water Project,Together we can build a better future.,90292.11,0.0,False,38,2025-04-16,2025-06-11,56
e682afde-2ab2-4fd3-8797-b8983799ce31,Build a School,Every donation brings us closer to our goal.,80602.76,0.0,True,44,2025-04-16,2025-05-08,22
f4d661cf-c6db-49c0-842e-f183a14b3ecd,Medical Aid,Together we can build a better future.,86046.71,0.0,False,38,2025-04-16,2025-05-25,39
6c891bef-20cf-4622-80f7-eb68afd747fa,Help the Kids,Your help can make a big difference.,89399.84,0.0,True,36,2025-04-16,2025-04-30,14
c95b8e70-3078-44ef-a2ff-f4b6b2f992e5,Animal Rescue,Together we can build a better future.,31680.65,0.0,False,38,2025-04-16,2025-06-13,58
a64add84-f3b9-4747-a098-23779df0cae3,Build a School,Every donation brings us closer to our goal.,96997.68,0.0,True,44,2025-04-16,2025-05-20,34
a0ee59e5-270d-4c01-8780-f63db36af19b,Help the Kids,Join us to support those in need.,35242.13,0.0,False,33,2025-04-16,2025-06-21,66
aa2eb89e-168e-44fb-8445-d8e59c8c14ab,Animal Rescue,Join us to support those in need.,87214.33,0.0,False,33,2025-04-16,2025-07-14,89
08755dbb-f2ba-4e86-b781-0621a35836f2,Build a School,Raising funds for a great cause that will change lives.,55596.95,0.0,True,55,2025-04-16,2025-06-16,61
2a66ed67-1a70-4145-b308-93ffa20114b7,Build a School,Support our mission to provide essential services.,38035.45,0.0,True,50,2025-04-16,2025-06-02,47
efbca647-e0ca-4bb5-b69d-a469909a03e3,Save the Earth,Raising funds for a great cause that will change lives.,92843.52,0.0,False,55,2025-04-16,2025-05-22,36
420b0de4-663f-4b22-86d3-b428d3b21616,Clean Water Project,Support our mission to provide essential services.,71023.15,0.0,True,50,2025-04-16,2025-07-02,77
25494a49-f6de-475b-8383-da38bea7e3cb,Help the Kids,Raising funds for a great cause that will change lives.,98431.9,0.0,True,55,2025-04-16,2025-04-23,7
115634d9-91a4-4a40-b52a-97f5b41cf40c,Save the Earth,Every donation brings us closer to our goal.,28426.31,0.0,True,44,2025-04-16,2025-06-21,66
278ac9d1-8b6f-4b7f-8858-6e7e315ee832,Clean Water Project,Your help can make a big difference.,94148.54,0.0,False,36,2025-04-16,2025-05-27,41
fbd3a569-7c4c-4db0-b4e1-3186982cae4c,Save the Earth,Together we can build a better future.,4166.97,0.0,True,38,2025-04-16,2025-05-14,28
69e09d1e-b1d7-4199-872a-8a9644a0f5fd,Build a School,Your help can make a big difference.,64990.52,0.0,True,36,2025-04-16,2025-05-20,34
13d65bf9-80f8-4966-930e-924dcfcc0b8c,Save the Earth,Raising funds for a great cause that will change lives.,15991.58,0.0,True,55,2025-04-16,2025-04-27,11
7b6d37b1-66aa-4d0a-a353-d51dd678a2d3,Save the Earth,Join us to support those in need.,70574.92,0.0,False,33,2025-04-16,2025-04-25,9
afc90007-c368-4af3-b0f1-1d97890a3407,Help the Kids,Join us to support those in need.,42397.18,0.0,False,33,2025-04-16,2025-05-20,34
1ac8f3fd-0744-423c-976d-0407d4b9439b,Animal Rescue,Support our mission to provide essential services.,47353.8,0.0,True,50,2025-04-16,2025-07-03,78
b4d769f4-2d31-40d1-b8c6-a51985c8013a,Medical Aid,Join us to support those in need.,72949.75,0.0,True,33,2025-04-16,2025-06-02,47
03dd1765-710d-4f64-8ade-eea428036f43,Save the Earth,Together we can build a better future.,51259.36,0.0,False,38,2025-04-16,2025-06-30,75
a3347f50-1683-4e0d-9d08-56b2f0957f97,Help the Kids,Your help can make a big difference.,4325.08,0.0,True,36,2025-04-16,2025-05-23,37
8f1fd66f-b783-44c5-8140-dae56b72f619,Build a School,Join us to support those in need.,67428.59,0.0,False,33,2025-04-16,2025-06-28,73
6bee86ad-8b4d-481f-89a5-cf52e2cfcf36,Save the Earth,Your help can make a big difference.,64184.96,0.0,True,36,2025-04-16,2025-05-04,18
e8f83112-b6b5-46a7-b827-954b69fa9f26,Build a School,Together we can build a better future.,84586.69,0.0,False,38,2025-04-16,2025-07-10,85
11f7aac7-0119-4246-a082-a612d3ade690,Medical Aid,Together we can build a better future.,48703.7,0.0,True,38,2025-04-16,2025-07-09,84
e6021d87-636c-4f0e-b6eb-044058dafd57,Build a School,Your help can make a big difference.,59348.15,0.0,False,36,2025-04-16,2025-06-07,52
588b4147-213e-40c9-8d33-d68dd552047a,Help the Kids,Join us to support those in need.,70285.98,0.0,False,33,2025-04-16,2025-06-04,49
e1590ce3-b694-4c0f-8ccd-87e2cfd865e3,Help the Kids,Together we can build a better future.,42620.68,0.0,False,38,2025-04-16,2025-05-12,26
cd09c5e0-315b-4bfd-96ff-815a628c1bff,Build a School,Raising funds for a great cause that will change lives.,37956.35,0.0,False,55,2025-04-16,2025-07-08,83
a7f42a05-54b3-4f39-a140-9d3ebe60571f,Build a School,Every donation brings us closer to our goal.,28160.4,0.0,True,44,2025-04-16,2025-05-08,22
b87aa8c8-935d-46ae-a8cd-6e8535fadf40,Animal Rescue,Join us to support those in need.,41533.63,0.0,False,33,2025-04-16,2025-06-06,51
6fa0e429-368b-4d20-8741-64ac0ca17787,Clean Water Project,Join us to support those in need.,58457.3,0.0,True,33,2025-04-16,2025-04-22,6
d642a8c3-f4c0-4184-b301-b716a8b29a02,Clean Water Project,Join us to support those in need.,15900.17,0.0,False,33,2025-04-16,2025-06-12,57
c347c25e-f397-4918-a8e3-24c99b5205e4,Save the Earth,Support our mission to provide essential services.,43716.04,0.0,False,50,2025-04-16,2025-06-17,62
4380bbe7-4b61-4735-b31e-637bbe49235f,Build a School,Together we can build a better future.,8171.27,0.0,False,38,2025-04-16,2025-06-04,49
9a63f0dc-fc05-4440-b219-61f3aaecc5bd,Build a School,Support our mission to provide essential services.,96440.64,0.0,False,50,2025-04-16,2025-06-04,49
05565e28-0a26-415d-9504-17263eb953e6,Help the Kids,Every donation brings us closer to our goal.,21968.76,0.0,True,44,2025-04-16,2025-06-26,71
81d096a3-2e53-4bf9-b728-f4551e0c59db,Medical Aid,Together we can build a better future.,70380.09,0.0,True,38,2025-04-16,2025-05-25,39
26797beb-4fbd-4dd0-86a4-ee63c15b2859,Animal Rescue,Together we can build a better future.,23092.67,0.0,False,38,2025-04-16,2025-07-10,85
39bfedc6-78d7-4eb8-b4b7-53839d06c660,Clean Water Project,Every donation brings us closer to our goal.,2255.76,0.0,True,44,2025-04-16,2025-04-28,12
fb48ea0f-f42c-46fc-81ac-51420bdc0eb3,Help the Kids,Raising funds for a great cause that will change lives.,54407.81,0.0,True,55,2025-04-16,2025-05-21,35
ea94831a-bec1-43e4-b1f2-dc70c7f157e1,Build a School,Raising funds for a great cause that will change lives.,18648.64,0.0,True,55,2025-04-16,2025-06-02,47
8aa8dd2b-f30f-4dd8-9ef7-b9c97037fc38,Clean Water Project,Raising funds for a great cause that will change lives.,17463.57,0.0,True,55,2025-04-16,2025-06-30,75
5518edce-17d2-4bbb-983c-186ee0ee750f,Help the Kids,Raising funds for a great cause that will change lives.,73344.7,0.0,False,55,2025-04-16,2025-06-09,54
787680cf-2a6d-45cf-9291-f23165dc1997,Save the Earth,Support our mission to provide essential services.,32963.1,0.0,False,50,2025-04-16,2025-07-15,90
35ef4c0f-1928-4ea0-9c91-4198129819f4,Clean Water Project,Together we can build a better future.,33851.13,0.0,True,38,2025-04-16,2025-06-22,67
437d8d94-0829-4afc-bc15-d9381e44d2cf,Animal Rescue,Support our mission to provide essential services.,60240.26,0.0,False,50,2025-04-16,2025-06-19,64
a7cd1f37-f4a2-4b8d-aee2-532daba77f44,Save the Earth,Together we can build a better future.,98706.37,0.0,True,38,2025-04-16,2025-06-28,73
0c47f032-9aad-4f33-b0b9-2c8e2cbedbf7,Animal Rescue,Join us to support those in need.,70533.25,0.0,True,33,2025-04-16,2025-06-15,60
67f94c2e-98a3-4395-b635-ece681dae978,Animal Rescue,Join us to support those in need.,56886.13,0.0,True,33,2025-04-16,2025-07-15,90
27e79a8e-6522-4e67-9f00-fbc101f3dfb2,Medical Aid,Join us to support those in need.,69100.27,0.0,True,33,2025-04-16,2025-06-05,50
d611c126-89e4-4324-b419-9178ee53d370,Animal Rescue,Support our mission to provide essential services.,70763.22,0.0,True,50,2025-04-16,2025-05-22,36
0d0339c7-8921-428f-9637-327566224328,Medical Aid,Support our mission to provide essential services.,12170.48,0.0,False,50,2025-04-16,2025-07-11,86
2a9abc42-646a-4737-be97-4407799407a5,Save the Earth,Support our mission to provide essential services.,12316.82,0.0,True,50,2025-04-16,2025-06-08,53
8d19ff34-3642-46fb-a7f8-93eaae5c0aa5,Save the Earth,Every donation brings us closer to our goal.,77765.44,0.0,False,44,2025-04-16,2025-04-26,10
edafaa88-0c25-4415-be40-129c1509d384,Save the Earth,Together we can build a better future.,94278.61,0.0,False,38,2025-04-16,2025-05-25,39
c651bcb0-f6b0-4e1b-b69a-c4476f93e864,Animal Rescue,Raising funds for a great cause that will change lives.,84418.21,0.0,True,55,2025-04-16,2025-04-21,5
3376597d-38bc-4a68-a912-17a589e52f44,Build a School,Together we can build a better future.,41789.38,0.0,True,38,2025-04-16,2025-07-09,84
638b6672-e06c-4a52-9c48-5a8762d62c9b,Save the Earth,Raising funds for a great cause that will change lives.,85456.42,0.0,True,55,2025-04-16,2025-07-13,88
be365b62-2c8d-4cd0-b75b-b0656efe3f39,Clean Water Project,Every donation brings us closer to our goal.,46924.41,0.0,False,44,2025-04-16,2025-06-18,63
4feabbc7-001f-47eb-a986-0e6513fed5f3,Animal Rescue,Your help can make a big difference.,5404.49,0.0,True,36,2025-04-16,2025-06-24,69
b5fdaa47-86ea-47b4-8894-21a15d18af73,Clean Water Project,Your help can make a big difference.,4679.55,0.0,True,36,2025-04-16,2025-05-21,35
5e1ec618-cd63-462c-90f9-ac2436b33b3e,Help the Kids,Every donation brings us closer to our goal.,70351.29,0.0,True,44,2025-04-16,2025-06-17,62
5a6a016c-14a1-4ad6-92e3-c999e4b09aa9,Help the Kids,Every donation brings us closer to our goal.,20011.24,0.0,True,44,2025-04-16,2025-04-24,8
60705e04-8d95-4f3a-bbfc-9554952d2182,Save the Earth,Raising funds for a great cause that will change lives.,43286.88,0.0,False,55,2025-04-16,2025-06-15,60
c8446042-eb74-48e6-a6e2-d54bdaa865e8,Clean Water Project,Raising funds for a great cause that will change lives.,57579.23,0.0,False,55,2025-04-16,2025-05-15,29
25c111eb-6e1d-4c35-8209-d357344aa151,Help the Kids,Raising funds for a great cause that will change lives.,65595.29,0.0,True,55,2025-04-16,2025-05-02,16
8a83854e-935c-4151-914c-b79d046a7959,Help the Kids,Raising funds for a great cause that will change lives.,88464.03,0.0,False,55,2025-04-16,2025-05-24,38
c39b6ba3-0e30-4a3f-91e4-53d7ad28fa2d,Clean Water Project,Join us to support those in need.,79737.1,0.0,False,33,2025-04-16,2025-05-10,24
bbccc835-c27a-4bc5-a1a4-232ac02e2216,Help the Kids,Your help can make a big difference.,41127.38,0.0,False,36,2025-04-16,2025-05-12,26
ad1a0449-0ab0-4408-bed9-6e91f65391f0,Medical Aid,Together we can build a better future.,68110.28,0.0,True,38,2025-04-16,2025-06-05,50
116fd3fc-9d9a-48e5-ab92-f9b59c3c6598,Help the Kids,Together we can build a better future.,63122.15,0.0,True,38,2025-04-16,2025-05-10,24
f668b35b-6978-4ef0-9d46-7b1755599222,Medical Aid,Every donation brings us closer to our goal.,56109.96,0.0,True,44,2025-04-16,2025-06-14,59
db72f6d8-ab98-4bf6-b9c9-8bda23b1a4c4,Save the Earth,Join us to support those in need.,92950.13,0.0,False,33,2025-04-16,2025-06-03,48
b5369e8a-4901-4bae-aec6-f97b4c9935f3,Build a School,Raising funds for a great cause that will change lives.,79886.65,0.0,False,55,2025-04-16,2025-05-27,41
7f727faa-2532-4ce6-93b8-c747f8ba36d7,Medical Aid,Join us to support those in need.,38172.38,0.0,False,33,2025-04-16,2025-05-25,39
975998ac-4e48-483b-ad4c-8a3dbf711773,Medical Aid,Join us to support those in need.,25942.03,0.0,False,33,2025-04-16,2025-05-02,16
3f81d998-8676-42ac-8ee6-03b95da0ec0b,Save the Earth,Every donation brings us closer to our goal.,18807.94,0.0,False,44,2025-04-16,2025-05-19,33
59e11c6a-2959-4e40-a8c1-4148a80f4b1b,Help the Kids,Support our mission to provide essential services.,23071.85,0.0,True,50,2025-04-16,2025-04-24,8
d7a662b4-54e7-45b0-a5a6-6bc0bc6e4d4a,Clean Water Project,Raising funds for a great cause that will change lives.,38824.99,0.0,False,55,2025-04-16,2025-06-01,46
4196b3c7-4157-4a0b-ab97-0a9b51e39942,Animal Rescue,Support our mission to provide essential services.,41870.06,0.0,True,50,2025-04-16,2025-05-03,17
e2d44f52-1a94-452f-86b5-0321e7149273,Medical Aid,Every donation brings us closer to our goal.,10211.93,0.0,False,44,2025-04-16,2025-05-22,36
42edf559-3180-4bf9-b1b4-fdee951bd399,Save the Earth,Your help can make a big difference.,73391.46,0.0,True,36,2025-04-16,2025-04-28,12
7d2ee6f6-3827-4b51-bca5-9c6280edf980,Animal Rescue,Together we can build a better future.,33321.3,0.0,False,38,2025-04-16,2025-06-27,72
0656a7c7-49d8-4ebd-bbca-21a97b21f07f,Animal Rescue,Your help can make a big difference.,15936.21,0.0,False,36,2025-04-16,2025-06-20,65
d5121579-f1c1-4cd0-b434-644e2fe68ea9,Clean Water Project,Your help can make a big difference.,94568.93,0.0,False,36,2025-04-16,2025-04-21,5
21fd3d1d-cbe2-401a-a76c-c1b7743c667b,Medical Aid,Raising funds for a great cause that will change lives.,40683.07,0.0,True,55,2025-04-16,2025-04-29,13
4b551d39-806e-459a-ae78-0ad43cbe7984,Help the Kids,Raising funds for a great cause that will change lives.,30935.34,0.0,True,55,2025-04-16,2025-06-14,59
02bc00c1-b8c4-40ce-bfa0-d566b489d1cc,Save the Earth,Together we can build a better future.,37188.03,0.0,True,38,2025-04-16,2025-05-05,19
0273ef22-f70e-490b-841d-2ed7071822ac,Clean Water Project,Support our mission to provide essential services.,61489.49,0.0,True,50,2025-04-16,2025-05-06,20
e2c7caaa-0e55-4a62-a7f4-adc1b4a4016b,Help the Kids,Support our mission to provide essential services.,73474.7,0.0,True,50,2025-04-16,2025-05-19,33
ecb01477-b18b-4526-aefa-ab4e9bbd665d,Save the Earth,Together we can build a better future.,90556.9,0.0,True,38,2025-04-16,2025-06-02,47
9921727d-86f2-4147-af62-8e5364ab30c9,Clean Water Project,Support our mission to provide essential services.,94141.57,0.0,True,50,2025-04-16,2025-07-06,81
007b2442-babf-40bb-8724-bd5a3447920c,Clean Water Project,Join us to support those in need.,27944.68,0.0,False,33,2025-04-16,2025-06-16,61
00780278-d7fd-4614-bd45-7d6837f8c41b,Animal Rescue,Join us to support those in need.,96961.13,0.0,True,33,2025-04-16,2025-05-11,25
d2da389d-071e-4a1e-a37e-e98b31408ed0,Build a School,Your help can make a big difference.,37595.8,0.0,False,36,2025-04-16,2025-05-03,17
c0a7d9b0-7440-4d8b-809a-ea103a57c47b,Animal Rescue,Raising funds for a great cause that will change lives.,62494.71,0.0,True,55,2025-04-16,2025-05-05,19
06b0c3a6-fc7d-46c5-8a88-b2d327efbb0e,Save the Earth,Together we can build a better future.,2985.64,0.0,False,38,2025-04-16,2025-04-21,5
1322659e-e414-4457-b071-b6c1e7735e37,Animal Rescue,Together we can build a better future.,1159.06,0.0,False,38,2025-04-16,2025-05-25,39
385aeac3-50b0-4163-b115-5850bd455947,Medical Aid,Raising funds for a great cause that will change lives.,82111.42,0.0,False,55,2025-04-16,2025-06-17,62
346b2eea-3ead-41c1-bb13-e361e0c8d8af,Save the Earth,Together we can build a better future.,94970.14,0.0,True,38,2025-04-16,2025-07-11,86
a49ad272-7d30-4370-a55c-75278cf1688e,Animal Rescue,Join us to support those in need.,40381.0,0.0,False,33,2025-04-16,2025-07-03,78
27eed4bf-6778-4459-b18d-9bad1a69de94,Build a School,Every donation brings us closer to our goal.,24140.77,0.0,False,44,2025-04-16,2025-06-25,70
8662b0a8-2b23-4904-b510-02d2e91a9366,Animal Rescue,Your help can make a big difference.,96079.92,0.0,True,36,2025-04-16,2025-05-18,32
b255fe3c-7d1f-4fa7-a5c0-8ac339bdd4bc,Build a School,Support our mission to provide essential services.,93445.63,0.0,True,50,2025-04-16,2025-05-15,29
2948597b-3bac-42e3-a72b-bf01b71c0025,Help the Kids,Raising funds for a great cause that will change lives.,30879.76,0.0,True,55,2025-04-16,2025-04-27,11
892750e7-7b8e-42fe-81db-339716543ca5,Save the Earth,Join us to support those in need.,89728.69,0.0,True,33,2025-04-16,2025-05-25,39
e6e53602-d383-464f-8849-8a62e1a827c8,Clean Water Project,Together we can build a better future.,89128.51,0.0,False,38,2025-04-16,2025-07-03,78
830d099e-7168-4bbe-a014-5d6dd81451d0,Clean Water Project,Every donation brings us closer to our goal.,72117.98,0.0,False,44,2025-04-16,2025-05-10,24
15ace976-f3b8-429e-b8e6-86f82e07873e,Animal Rescue,Support our mission to provide essential services.,88212.38,0.0,True,50,2025-04-16,2025-05-28,42
93989b67-7d60-41fc-bb65-c8fc88c8f562,Medical Aid,Every donation brings us closer to our goal.,82434.32,0.0,True,44,2025-04-16,2025-05-03,17
15f05dcc-bc0d-4fc2-baaf-bf12e8ec87f9,Animal Rescue,Raising funds for a great cause that will change lives.,26851.18,0.0,True,55,2025-04-16,2025-06-12,57
c39ed45f-7e1c-453a-90f7-1df100ef716c,Medical Aid,Your help can make a big difference.,95492.85,0.0,True,36,2025-04-16,2025-05-13,27
d7e83895-36ce-407a-8876-56b8c304fe71,Animal Rescue,Together we can build a better future.,88483.21,0.0,True,38,2025-04-16,2025-06-06,51
c82d73dd-6cd0-4135-8f4d-c0f6e3b96cd1,Build a School,Together we can build a better future.,91265.82,0.0,True,38,2025-04-16,2025-07-12,87
eae0bcf4-9a81-491b-bce6-9f73f2fd135b,Build a School,Support our mission to provide essential services.,22055.35,0.0,False,50,2025-04-16,2025-06-24,69
aa392578-cecb-4872-844b-f93bde44bc5b,Medical Aid,Support our mission to provide essential services.,9667.27,0.0,True,50,2025-04-16,2025-07-13,88
9d6fe942-05c0-40ba-832d-c18b8e1843a3,Build a School,Together we can build a better future.,84757.56,0.0,False,38,2025-04-16,2025-06-26,71
c4fefed5-5abf-4d9f-9da8-043e4c7c2c8c,Animal Rescue,Your help can make a big difference.,7091.77,0.0,True,36,2025-04-16,2025-05-12,26
e035f926-457f-40a6-8184-4218f67fbcea,Medical Aid,Together we can build a better future.,72633.46,0.0,True,38,2025-04-16,2025-05-29,43
2b00b061-0bea-4a92-a881-c7e7aa1a72ee,Clean Water Project,Every donation brings us closer to our goal.,94871.35,0.0,False,44,2025-04-16,2025-05-12,26
1daa7a17-41f4-4906-b7f1-05d7502046db,Medical Aid,Your help can make a big difference.,87307.18,0.0,False,36,2025-04-16,2025-07-14,89
7103335c-03ef-4ed6-bedb-4d80247e8bf0,Animal Rescue,Raising funds for a great cause that will change lives.,68443.28,0.0,True,55,2025-04-16,2025-05-25,39
77141afe-4ec3-46a7-bec1-b6ef03fd3742,Help the Kids,Support our mission to provide essential services.,3112.18,0.0,True,50,2025-04-16,2025-04-24,8
51240414-dcb0-4987-8088-4c6b39721d29,Build a School,Raising funds for a great cause that will change lives.,48470.55,0.0,True,55,2025-04-16,2025-05-14,28
e5eec7ff-3926-4515-a62c-0225a539afc9,Animal Rescue,Join us to support those in need.,67689.79,0.0,True,33,2025-04-16,2025-06-14,59
0adf78ea-62d2-411f-a17d-8e1e4823a4ad,Save the Earth,Join us to support those in need.,14656.82,0.0,False,33,2025-04-16,2025-05-22,36
72e000fc-5cd6-4bf2-bb88-d65dda927311,Medical Aid,Support our mission to provide essential services.,87367.03,0.0,True,50,2025-04-16,2025-05-21,35
7f87fadc-3f65-4b66-a430-ea7841956038,Medical Aid,Your help can make a big difference.,94588.58,0.0,False,36,2025-04-16,2025-05-26,40
314292f6-e97a-4552-8ff5-66941ba688ef,Help the Kids,Together we can build a better future.,27101.76,0.0,True,38,2025-04-16,2025-06-10,55
aaa4c18e-65ac-46eb-a95a-24713e0fe639,Save the Earth,Every donation brings us closer to our goal.,33235.93,0.0,False,44,2025-04-16,2025-07-12,87
a428f2d7-5b1d-4e89-b5d8-bc30391883f1,Save the Earth,Your help can make a big difference.,3753.06,0.0,True,36,2025-04-16,2025-05-11,25
309cfe30-63de-45a5-b4f9-cba889e3cb7f,Build a School,Support our mission to provide essential services.,83399.19,0.0,True,50,2025-04-16,2025-07-14,89
4324d7c3-a8a2-444f-966b-17ee5daad0d5,Animal Rescue,Raising funds for a great cause that will change lives.,45030.14,0.0,False,55,2025-04-16,2025-05-17,31
eb749dee-1c2f-4a47-8666-76f8cba9bee9,Clean Water Project,Together we can build a better future.,2150.53,0.0,False,38,2025-04-16,2025-06-02,47
8a63fa58-e83a-4063-b019-1139d26a9f0e,Medical Aid,Join us to support those in need.,38972.88,0.0,True,33,2025-04-16,2025-06-25,70
ce9794f0-280e-40c8-b850-231a765be671,Build a School,Support our mission to provide essential services.,61601.45,0.0,True,50,2025-04-16,2025-05-28,42
f03c7214-c5e1-49fe-8210-17205f5e5a72,Help the Kids,Together we can build a better future.,97430.56,0.0,True,38,2025-04-16,2025-06-04,49
ea65a8d6-4e63-4b16-bff6-9d9c8d65ac76,Build a School,Raising funds for a great cause that will change lives.,19404.38,0.0,True,55,2025-04-16,2025-06-13,58
79eb29cf-7331-46da-822c-f2637395a230,Save the Earth,Your help can make a big difference.,15094.35,0.0,False,36,2025-04-16,2025-04-27,11
b7ec9ea4-d16f-42f8-ba41-966f88653c0a,Help the Kids,Join us to support those in need.,28576.48,0.0,False,33,2025-04-16,2025-07-03,78
b85e5cbb-61fe-465c-803c-cdf6fe3c8fd5,Save the Earth,Every donation brings us closer to our goal.,66017.77,0.0,False,44,2025-04-16,2025-06-22,67
3009bebd-6420-453e-b4ef-6ed1947e2f21,Animal Rescue,Together we can build a better future.,99715.11,0.0,False,38,2025-04-16,2025-06-26,71
a06c6ea1-0fe8-4cc1-bbc5-cff02c12e411,Save the Earth,Every donation brings us closer to our goal.,70019.99,0.0,False,44,2025-04-16,2025-07-05,80
aa7d7d90-6710-4744-87ac-0d8353942d46,Animal Rescue,Together we can build a better future.,8571.57,0.0,False,38,2025-04-16,2025-06-18,63
2a7ad6a3-6aed-4c11-8770-80dac2348988,Save the Earth,Support our mission to provide essential services.,29987.05,0.0,False,50,2025-04-16,2025-07-11,86
9016bb60-9592-4975-88e5-943baf283d5f,Save the Earth,Support our mission to provide essential services.,82241.37,0.0,True,50,2025-04-16,2025-07-04,79
e04b80e9-33b5-4bb0-a2a6-cfa727936db5,Medical Aid,Raising funds for a great cause that will change lives.,16859.55,0.0,False,55,2025-04-16,2025-06-25,70
e96a8bb3-b50f-47cb-aeca-09e6f073a75f,Build a School,Join us to support those in need.,62621.13,0.0,True,33,2025-04-16,2025-07-05,80
ebbc6869-74bc-4df1-8921-7865376a9dae,Medical Aid,Support our mission to provide essential services.,33932.88,0.0,True,50,2025-04-16,2025-05-30,44
a95adfa2-3aba-4699-a597-c44ce5db11f2,Clean Water Project,Join us to support those in need.,88658.76,0.0,False,33,2025-04-16,2025-07-06,81
0321cbcb-7e33-4d61-aa3a-fe2b3270b29c,Build a School,Join us to support those in need.,85780.83,0.0,False,33,2025-04-16,2025-05-28,42
eb6bae9b-8e96-449f-9ead-220bf99c8226,Medical Aid,Join us to support those in need.,59909.5,0.0,False,33,2025-04-16,2025-04-27,11
4731d63f-a985-4faf-ac6c-ad111ccd782a,Help the Kids,Support our mission to provide essential services.,69580.4,0.0,True,50,2025-04-16,2025-05-02,16
6fc0e969-f955-4aba-96f2-a9551bf93fe1,Clean Water Project,Together we can build a better future.,1904.55,0.0,True,38,2025-04-16,2025-05-06,20
32868d30-c203-485e-a45e-40d1a8a50f8c,Animal Rescue,Raising funds for a great cause that will change lives.,13991.5,0.0,False,55,2025-04-16,2025-06-03,48
1b10ad84-b50e-4a98-9aa0-1fe0534850ff,Medical Aid,Raising funds for a great cause that will change lives.,63281.3,0.0,True,55,2025-04-16,2025-05-08,22
f1c1f20c-8e0f-42c1-9e9f-fde0508bf677,Clean Water Project,Join us to support those in need.,39283.95,0.0,False,33,2025-04-16,2025-06-04,49
1cf57d60-1f7c-4f04-807f-1cd8eb75609f,Medical Aid,Raising funds for a great cause that will change lives.,84360.28,0.0,False,55,2025-04-16,2025-05-05,19
7bedc90b-7cbd-4985-a5ec-b9e6f567f166,Build a School,Every donation brings us closer to our goal.,16548.65,0.0,True,44,2025-04-16,2025-06-10,55
832bb988-29fd-4bca-8d72-d50421578aad,Save the Earth,Together we can build a better future.,62233.68,0.0,True,38,2025-04-16,2025-06-02,47
d5d95553-90a6-464e-b918-faa9d75aa47c,Help the Kids,Join us to support those in need.,4410.69,0.0,True,33,2025-04-16,2025-04-28,12
4f9dbbc0-63bd-4f38-99ca-8cfd15f7b074,Save the Earth,Raising funds for a great cause that will change lives.,97429.86,0.0,False,55,2025-04-16,2025-06-10,55
ad6a5c54-7c3e-4916-81a3-79c83c3c8095,Help the Kids,Together we can build a better future.,91912.15,0.0,False,38,2025-04-16,2025-07-05,80
5ca693aa-c991-4efa-95d6-e6a1f034eef9,Save the Earth,Every donation brings us closer to our goal.,89794.15,0.0,True,44,2025-04-16,2025-06-21,66
64810453-b943-4b02-b7d2-0b9d5c475bf6,Animal Rescue,Raising funds for a great cause that will change lives.,45642.38,0.0,False,55,2025-04-16,2025-06-27,72
af5b9668-f55b-40f9-9710-1d124e392fa8,Build a School,Join us to support those in need.,95449.98,0.0,True,33,2025-04-16,2025-05-06,20
50323daf-bd6d-483d-960c-0bce75f44a11,Medical Aid,Every donation brings us closer to our goal.,80740.84,0.0,True,44,2025-04-16,2025-05-23,37
2d1ed06a-74ca-41db-b906-babc31b87080,Build a School,Join us to support those in need.,73078.83,0.0,True,33,2025-04-16,2025-04-28,12
2b2b6eaf-1978-453d-b6b1-0d2b2ea44972,Save the Earth,Your help can make a big difference.,52749.84,0.0,True,36,2025-04-16,2025-05-16,30
e09119b8-3ea1-4a44-b97e-751e6e2ef247,Save the Earth,Raising funds for a great cause that will change lives.,90033.5,0.0,False,55,2025-04-16,2025-05-14,28
751e841b-5367-47d2-a9ab-b91402019c90,Medical Aid,Support our mission to provide essential services.,61857.86,0.0,False,50,2025-04-16,2025-06-27,72
87bcb4d6-5395-4cb3-a074-793f9f4e87fa,Medical Aid,Every donation brings us closer to our goal.,82511.29,0.0,False,44,2025-04-16,2025-06-11,56
29e2568c-f8e2-4e16-a6b5-3715a5d40f91,Medical Aid,Join us to support those in need.,63522.24,0.0,True,33,2025-04-16,2025-05-01,15
48766234-f659-4a80-b753-b2437f467014,Animal Rescue,Join us to support those in need.,90482.25,0.0,True,33,2025-04-16,2025-05-25,39
91907329-ad07-46db-a9d2-3877321367b4,Help the Kids,Together we can build a better future.,16313.01,0.0,False,38,2025-04-16,2025-05-23,37
e799eec4-c614-4fba-a95c-8de5cc77a518,Help the Kids,Together we can build a better future.,4694.39,0.0,True,38,2025-04-16,2025-04-26,10
259a0169-0f8d-44b3-a84a-854cdc403735,Build a School,Every donation brings us closer to our goal.,61703.76,0.0,False,44,2025-04-16,2025-05-08,22
3d85c762-a3ab-4fe9-85ad-769405507dd5,Build a School,Support our mission to provide essential services.,93545.8,0.0,True,50,2025-04-16,2025-07-07,82
e3bcc058-c474-4ff8-b90d-7259e8351efc,Animal Rescue,Raising funds for a great cause that will change lives.,6424.56,0.0,True,55,2025-04-16,2025-05-16,30
474c0c15-1f75-469d-9708-b946496dab7f,Medical Aid,Support our mission to provide essential services.,16405.49,0.0,True,50,2025-04-16,2025-05-02,16
4035cd0c-ca9e-4452-8d40-4c58e73456cc,Save the Earth,Your help can make a big difference.,57529.52,0.0,True,36,2025-04-16,2025-05-21,35
05872bbe-c8a7-4197-b416-807fa5a78009,Animal Rescue,Raising funds for a great cause that will change lives.,14956.4,0.0,False,55,2025-04-16,2025-06-10,55
04228f1b-b314-4a85-9915-0267706ef186,Build a School,Together we can build a better future.,21018.17,0.0,False,38,2025-04-16,2025-05-01,15
af0be7b2-83ec-4fdc-8d5b-522f9ebb0855,Build a School,Raising funds for a great cause that will change lives.,73421.51,0.0,True,55,2025-04-16,2025-04-26,10
e565e7ce-bfb7-4d51-b550-9ec8f3cda38d,Build a School,Support our mission to provide essential services.,26917.14,0.0,False,50,2025-04-16,2025-06-21,66
243f8cfa-46b0-4d1a-b9e2-f8eb035fc22a,Help the Kids,Every donation brings us closer to our goal.,83525.52,0.0,False,44,2025-04-16,2025-04-30,14
8182db67-7b6e-4c0a-b5e5-8eb85244c255,Build a School,Every donation brings us closer to our goal.,19308.2,0.0,True,44,2025-04-16,2025-06-16,61
51c1de87-7686-4508-af74-34a949142580,Clean Water Project,Join us to support those in need.,89619.31,0.0,False,33,2025-04-16,2025-06-07,52
0db1a546-9cd6-4b2a-91f6-51debca988e9,Help the Kids,Support our mission to provide essential services.,85114.64,0.0,False,50,2025-04-16,2025-07-15,90
141e22d2-1796-469a-8d87-b98752e4a3ee,Help the Kids,Raising funds for a great cause that will change lives.,35242.41,0.0,False,55,2025-04-16,2025-04-28,12
3ea705eb-15e6-40d6-b3ee-e8967c8870ee,Build a School,Raising funds for a great cause that will change lives.,45717.61,0.0,True,55,2025-04-16,2025-07-01,76
2cd2b57b-9d40-4699-82ae-c28b2ad249d4,Clean Water Project,Join us to support those in need.,97390.82,0.0,True,33,2025-04-16,2025-05-19,33
6596a5bc-a4cb-4fc7-8ce9-ab159f0814a2,Help the Kids,Join us to support those in need.,55868.58,0.0,True,33,2025-04-16,2025-07-11,86
8ef8d7ce-3a99-4c49-ba69-b5fd38cc5bfc,Medical Aid,Raising funds for a great cause that will change lives.,89080.81,0.0,False,55,2025-04-16,2025-04-29,13
965ebae8-2d3b-4d25-bcb6-afdc59988b55,Medical Aid,Your help can make a big difference.,76400.65,0.0,True,36,2025-04-16,2025-06-19,64
6bb50177-192a-440b-9edd-b27dd89a84a6,Save the Earth,Support our mission to provide essential services.,48122.3,0.0,False,50,2025-04-16,2025-06-01,46
3073b203-0144-48f2-898d-01dffa1cbe9f,Clean Water Project,Join us to support those in need.,85630.96,0.0,True,33,2025-04-16,2025-07-02,77
99d2efe6-d778-4088-a4e8-d1191fec97cf,Build a School,Raising funds for a great cause that will change lives.,67031.86,0.0,True,55,2025-04-16,2025-06-11,56
f1f5e370-e0a9-4a01-9f48-6043bd07112f,Clean Water Project,Join us to support those in need.,76042.7,0.0,True,33,2025-04-16,2025-07-13,88
ad8b83fb-d8dd-4256-ba1c-3677303a0408,Save the Earth,Your help can make a big difference.,79432.88,0.0,True,36,2025-04-16,2025-06-22,67
801807ff-4894-4800-b608-168b371364a1,Save the Earth,Join us to support those in need.,41749.34,0.0,False,33,2025-04-16,2025-04-26,10
e79cc55c-35ba-4a3f-aafb-86032f40d7ea,Build a School,Together we can build a better future.,72373.51,0.0,False,38,2025-04-16,2025-05-09,23
639b2f56-8ace-44b6-8955-2405e61d6a94,Animal Rescue,Join us to support those in need.,34343.81,0.0,False,33,2025-04-16,2025-06-19,64
204e13ed-9463-4f2f-a277-16e6937f0a5a,Animal Rescue,Every donation brings us closer to our goal.,58833.36,0.0,True,44,2025-04-16,2025-07-13,88
f19899cf-e866-41dc-84bf-f9d1c7b51e2e,Medical Aid,Your help can make a big difference.,94500.25,0.0,True,36,2025-04-16,2025-05-27,41
13c772ff-3b05-40f8-be22-d645d3636094,Clean Water Project,Raising funds for a great cause that will change lives.,93100.4,0.0,False,55,2025-04-16,2025-06-26,71
0c7718b8-e6a1-401d-b6c9-483db4ee715d,Help the Kids,Raising funds for a great cause that will change lives.,54967.17,0.0,False,55,2025-04-16,2025-05-09,23
9c67c8c8-5c3d-4e56-8504-43a8d56ded75,Build a School,Your help can make a big difference.,41603.99,0.0,True,36,2025-04-16,2025-07-04,79
0e2f7bf5-9ffe-4248-a9be-1ac23bdcb06f,Build a School,Raising funds for a great cause that will change lives.,69063.46,0.0,True,55,2025-04-16,2025-04-26,10
663dc459-83ca-42e9-9733-6f5843334084,Save the Earth,Your help can make a big difference.,12545.41,0.0,True,36,2025-04-16,2025-05-28,42
c0fa294f-5507-4d5b-97a2-11a106198ee0,Medical Aid,Your help can make a big difference.,58440.7,0.0,True,36,2025-04-16,2025-06-07,52
39f60b70-5ec5-414f-93bd-960700b56754,Clean Water Project,Support our mission to provide essential services.,31574.32,0.0,True,50,2025-04-16,2025-05-23,37
d9241483-9e5b-4f95-a697-e59753706079,Save the Earth,Every donation brings us closer to our goal.,62763.52,0.0,False,44,2025-04-16,2025-06-24,69
9dcdf8ad-9b24-41a5-841a-740b4a4afaf1,Medical Aid,Support our mission to provide essential services.,36248.18,0.0,True,50,2025-04-16,2025-05-16,30
a51e8478-f8cc-45df-8f5f-b2f0e34e56a7,Animal Rescue,Your help can make a big difference.,72966.79,0.0,False,36,2025-04-16,2025-07-11,86
6b6e6bcb-0646-444a-8739-245f1a3aeec0,Help the Kids,Every donation brings us closer to our goal.,55483.8,0.0,False,44,2025-04-16,2025-04-23,7
cd80bf5f-cf60-4137-a9c2-4f9a708c2bc3,Clean Water Project,Support our mission to provide essential services.,73042.37,0.0,False,50,2025-04-16,2025-04-24,8
d3baa379-5b6a-4562-b485-bc268c37dbc4,Animal Rescue,Support our mission to provide essential services.,48457.54,0.0,False,50,2025-04-16,2025-05-30,44
81dbff83-eaea-492a-8730-464ebb10893b,Clean Water Project,Raising funds for a great cause that will change lives.,58852.02,0.0,True,55,2025-04-16,2025-05-07,21
86e3ba5a-27a5-4886-8395-80b4fcf55aae,Medical Aid,Together we can build a better future.,80521.98,0.0,True,38,2025-04-16,2025-07-07,82
d4b66391-2d6e-4679-9668-7e61d30215be,Save the Earth,Raising funds for a great cause that will change lives.,26698.98,0.0,False,55,2025-04-16,2025-07-10,85
6c3db447-c3c9-472e-8ad2-37ee60625841,Help the Kids,Support our mission to provide essential services.,75379.82,0.0,False,50,2025-04-16,2025-04-26,10
9a1a4ed8-fada-48d2-a84a-41adfdd78e2f,Save the Earth,Your help can make a big difference.,75329.34,0.0,True,36,2025-04-16,2025-07-07,82
3bda59ff-f57f-4737-992c-a559821c4e34,Help the Kids,Join us to support those in need.,28248.75,0.0,True,33,2025-04-16,2025-04-23,7
3d33dfbf-964d-4641-88c2-4cba7f23bc84,Build a School,Join us to support those in need.,51209.56,0.0,True,33,2025-04-16,2025-05-29,43
065afe6d-8455-46bc-b070-41d60d681cc6,Build a School,Your help can make a big difference.,85105.48,0.0,True,36,2025-04-16,2025-06-15,60
e312e251-3299-424e-a8fb-5a07aabfe104,Medical Aid,Join us to support those in need.,87099.69,0.0,True,33,2025-04-16,2025-05-11,25
1c8411da-8048-4fb1-8960-a1155a5ede46,Save the Earth,Raising funds for a great cause that will change lives.,6465.28,0.0,False,55,2025-04-16,2025-06-02,47
a51289cc-92c1-4033-b8cc-7dd80e63c460,Save the Earth,Every donation brings us closer to our goal.,33841.43,0.0,False,44,2025-04-16,2025-06-19,64
b467f584-3fe0-4e79-a393-211a88bb3bce,Clean Water Project,Join us to support those in need.,50092.87,0.0,True,33,2025-04-16,2025-04-27,11
e4971c9b-6479-47fb-9840-95b94592c0e5,Help the Kids,Raising funds for a great cause that will change lives.,26490.5,0.0,True,55,2025-04-16,2025-05-19,33
b3aa9712-6f64-4590-87a9-d20bb8ccb363,Build a School,Raising funds for a great cause that will change lives.,71409.5,0.0,False,55,2025-04-16,2025-05-21,35
